"Date","Close","Open","High","Low","Volume","Change %"
"2022-Feb-22","94.47","94.49","96.44","93.97","-","-0.96%"
"2022-Feb-21","95.39","94.29","97.40","92.57","217.04K","1.98%"
"2022-Feb-18","93.54","92.73","94.15","90.12","348.35K","0.61%"
"2022-Feb-17","92.97","92.20","94.50","92.14","347.79K","-1.94%"
"2022-Feb-16","94.81","93.49","96.07","91.11","393.79K","1.64%"
"2022-Feb-15","93.28","95.81","96.26","92.06","378.25K","-3.32%"
"2022-Feb-14","96.48","95.20","96.78","93.44","373.09K","2.16%"
"2022-Feb-11","94.44","91.17","95.66","90.51","452.11K","3.31%"
"2022-Feb-10","91.41","91.75","93.10","90.88","369.01K","-0.15%"
"2022-Feb-09","91.55","91.08","92.09","90.05","294.00K","0.85%"
"2022-Feb-08","90.78","92.63","92.93","89.93","368.55K","-2.06%"
"2022-Feb-07","92.69","92.75","94.00","92.13","317.29K","-0.62%"
"2022-Feb-04","93.27","91.30","93.70","91.20","322.13K","2.37%"
"2022-Feb-03","91.11","89.07","91.30","88.02","301.79K","1.83%"
"2022-Feb-02","89.47","89.48","90.52","88.28","319.43K","0.35%"
"2022-Feb-01","89.16","89.62","89.96","87.72","271.77K","-2.25%"
"2022-Jan-31","91.21","90.80","91.48","90.61","11.01K","1.31%"
"2022-Jan-28","90.03","89.98","91.70","89.41","102.01K","2.11%"
"2022-Jan-27","88.17","88.50","89.74","87.79","131.70K","-0.64%"
"2022-Jan-26","88.74","86.98","89.27","86.71","260.11K","0.61%"
"2022-Jan-25","88.20","86.76","88.37","86.20","256.21K","2.24%"
"2022-Jan-24","86.27","87.93","88.90","85.04","309.89K","-1.84%"
"2022-Jan-21","87.89","86.75","88.23","85.71","288.21K","-0.55%"
"2022-Jan-20","88.38","87.89","89.50","87.05","279.52K","-0.07%"
"2022-Jan-19","88.44","88.65","89.17","87.61","350.94K","1.06%"
"2022-Jan-18","87.51","86.47","88.66","86.44","356.88K","1.19%"
"2022-Jan-17","86.48","86.15","86.71","85.54","139.82K","0.49%"
"2022-Jan-14","86.06","84.12","86.50","83.99","304.72K","1.88%"
"2022-Jan-13","84.47","84.87","85.10","83.79","265.20K","-0.24%"
"2022-Jan-12","84.67","83.78","85.21","83.52","301.39K","1.13%"
"2022-Jan-11","83.72","81.08","83.98","80.89","324.94K","3.52%"
"2022-Jan-10","80.87","81.76","82.30","80.50","300.65K","-1.08%"
"2022-Jan-07","81.75","82.00","83.00","81.42","286.11K","-0.29%"
"2022-Jan-06","81.99","80.22","82.83","79.61","353.16K","1.47%"
"2022-Jan-05","80.80","80.07","81.50","79.51","331.74K","1.00%"
"2022-Jan-04","80.00","78.91","80.55","78.62","291.68K","1.29%"
"2022-Jan-03","78.98","78.11","79.28","77.04","201.03K","1.54%"
"2021-Dec-31","77.78","78.81","79.68","77.55","148.96K","-1.94%"
"2021-Dec-30","79.32","79.19","79.66","78.50","10.90K","0.11%"
"2021-Dec-29","79.23","79.28","80.17","78.13","69.63K","0.37%"
"2021-Dec-28","78.94","78.67","79.85","78.48","50.41K","0.43%"
"2021-Dec-27","78.60","76.32","79.08","75.75","85.39K","3.23%"
"2021-Dec-24","76.14","76.72","76.79","75.75","30.54K","-0.92%"
"2021-Dec-23","76.85","75.47","77.00","74.78","161.24K","2.07%"
"2021-Dec-22","75.29","74.05","75.67","73.62","166.71K","1.77%"
"2021-Dec-21","73.98","71.88","74.27","71.24","214.07K","3.44%"
"2021-Dec-20","71.52","72.82","72.87","69.28","333.76K","-2.72%"
"2021-Dec-17","73.52","74.50","74.98","72.65","231.41K","-2.00%"
"2021-Dec-16","75.02","74.47","75.61","74.00","223.64K","1.54%"
"2021-Dec-15","73.88","73.25","74.58","72.50","233.19K","0.24%"
"2021-Dec-14","73.70","74.42","75.16","72.57","277.86K","-0.93%"
"2021-Dec-13","74.39","75.37","76.39","74.20","265.51K","-1.01%"
"2021-Dec-10","75.15","73.99","75.71","73.80","221.36K","0.98%"
"2021-Dec-09","74.42","75.94","76.70","73.84","283.39K","-1.85%"
"2021-Dec-08","75.82","75.44","76.37","74.38","322.08K","0.50%"
"2021-Dec-07","75.44","73.60","76.27","73.20","312.28K","3.23%"
"2021-Dec-06","73.08","70.24","73.80","70.24","255.40K","4.58%"
"2021-Dec-03","69.88","70.22","72.62","69.24","331.82K","0.30%"
"2021-Dec-02","69.67","69.72","70.70","65.72","526.60K","1.16%"
"2021-Dec-01","68.87","69.80","72.87","68.14","420.40K","-2.41%"
"2021-Nov-30","70.57","74.42","74.56","70.22","24.82K","-3.91%"
"2021-Nov-29","73.44","73.88","77.02","72.41","126.35K","0.99%"
"2021-Nov-26","72.72","81.65","81.66","72.14","170.78K","-11.55%"
"2021-Nov-25","82.22","82.24","82.58","81.70","80.45K","-0.04%"
"2021-Nov-24","82.25","81.88","83.00","81.74","231.07K","-0.07%"
"2021-Nov-23","82.31","79.51","82.60","78.55","366.60K","3.27%"
"2021-Nov-22","79.70","78.58","80.07","77.58","350.90K","1.03%"
"2021-Nov-19","78.89","81.00","82.24","78.05","479.93K","-2.89%"
"2021-Nov-18","81.24","80.10","81.41","79.28","306.85K","1.20%"
"2021-Nov-17","80.28","82.05","82.22","79.78","406.75K","-2.61%"
"2021-Nov-16","82.43","82.00","83.14","81.52","340.72K","0.46%"
"2021-Nov-15","82.05","81.92","82.49","80.67","273.72K","-0.15%"
"2021-Nov-12","82.17","82.83","82.87","81.26","289.30K","-0.84%"
"2021-Nov-11","82.87","82.85","83.44","81.66","336.14K","0.28%"
"2021-Nov-10","82.64","84.99","85.50","82.08","366.31K","-2.52%"
"2021-Nov-09","84.78","83.47","85.30","83.16","346.57K","1.62%"
"2021-Nov-08","83.43","82.58","84.00","82.53","269.60K","0.83%"
"2021-Nov-05","82.74","81.25","83.16","80.26","379.69K","2.73%"
"2021-Nov-04","80.54","81.58","84.49","80.20","472.43K","-1.77%"
"2021-Nov-03","81.99","84.07","84.20","81.10","380.11K","-3.22%"
"2021-Nov-02","84.72","84.45","85.23","83.76","317.07K","0.01%"
"2021-Nov-01","84.71","83.63","85.12","83.03","302.90K","0.39%"
"2021-Oct-29","84.38","84.33","84.83","83.79","22.77K","0.07%"
"2021-Oct-28","84.32","84.21","84.59","82.32","118.14K","-0.31%"
"2021-Oct-27","84.58","86.07","86.28","84.05","149.75K","-2.11%"
"2021-Oct-26","86.40","86.03","86.50","85.27","222.56K","0.48%"
"2021-Oct-25","85.99","85.65","86.70","85.43","294.55K","0.54%"
"2021-Oct-22","85.53","84.52","85.93","83.82","298.35K","1.09%"
"2021-Oct-21","84.61","85.90","86.10","83.36","373.65K","-1.41%"
"2021-Oct-20","85.82","85.19","85.89","83.61","378.69K","0.87%"
"2021-Oct-19","85.08","84.21","85.40","83.70","371.79K","0.89%"
"2021-Oct-18","84.33","84.95","86.04","83.95","340.96K","-0.62%"
"2021-Oct-15","84.86","84.30","85.10","84.16","276.47K","1.02%"
"2021-Oct-14","84.00","83.45","84.50","83.18","316.64K","0.99%"
"2021-Oct-13","83.18","83.10","83.69","82.20","333.68K","-0.29%"
"2021-Oct-12","83.42","83.49","84.23","82.72","331.41K","-0.27%"
"2021-Oct-11","83.65","82.65","84.60","82.54","330.44K","1.53%"
"2021-Oct-08","82.39","82.38","83.43","81.96","360.97K","0.54%"
"2021-Oct-07","81.95","80.98","82.50","79.08","393.10K","1.07%"
"2021-Oct-06","81.08","82.57","83.47","80.60","401.36K","-1.79%"
"2021-Oct-05","82.56","81.27","83.13","81.19","340.27K","1.60%"
"2021-Oct-04","81.26","79.49","82.00","78.75","362.37K","2.50%"
"2021-Oct-01","79.28","78.49","79.41","77.55","282.37K","0.97%"
"2021-Sep-30","78.52","78.46","79.11","77.60","20.51K","-0.15%"
"2021-Sep-29","78.64","78.25","79.40","77.50","97.97K","-0.57%"
"2021-Sep-28","79.09","79.40","80.75","78.10","132.33K","-0.55%"
"2021-Sep-27","79.53","78.25","79.90","78.21","231.13K","1.84%"
"2021-Sep-24","78.09","77.26","78.24","76.85","163.23K","1.09%"
"2021-Sep-23","77.25","75.90","77.35","75.60","226.59K","1.39%"
"2021-Sep-22","76.19","74.56","76.26","74.49","255.75K","2.46%"
"2021-Sep-21","74.36","74.33","75.18","73.26","258.71K","0.60%"
"2021-Sep-20","73.92","75.33","75.40","73.52","313.75K","-1.88%"
"2021-Sep-17","75.34","75.68","75.78","74.58","254.86K","-0.44%"
"2021-Sep-16","75.67","75.46","75.87","74.48","236.51K","0.28%"
"2021-Sep-15","75.46","73.92","76.13","73.78","289.45K","2.53%"
"2021-Sep-14","73.60","73.62","74.28","73.08","278.58K","0.12%"
"2021-Sep-13","73.51","72.88","73.92","72.69","244.73K","0.81%"
"2021-Sep-10","72.92","71.37","73.15","70.94","250.51K","2.06%"
"2021-Sep-09","71.45","72.61","73.20","70.88","377.81K","-1.58%"
"2021-Sep-08","72.60","71.64","72.95","71.55","325.36K","1.27%"
"2021-Sep-07","71.69","72.29","72.81","71.10","257.40K","-0.73%"
"2021-Sep-06","72.22","72.57","72.78","71.51","127.87K","-0.54%"
"2021-Sep-03","72.61","72.86","73.69","72.40","211.42K","-0.58%"
"2021-Sep-02","73.03","71.31","73.47","70.92","255.42K","2.01%"
"2021-Sep-01","71.59","71.68","72.38","70.42","282.49K","-1.92%"
"2021-Aug-31","72.99","73.14","73.52","72.62","12.59K","-0.57%"
"2021-Aug-30","73.41","73.25","73.69","72.00","68.66K","0.98%"
"2021-Aug-27","72.70","71.53","72.76","71.17","92.20K","2.29%"
"2021-Aug-26","71.07","71.94","72.13","70.66","179.57K","-1.63%"
"2021-Aug-25","72.25","71.00","72.42","70.50","242.07K","1.69%"
"2021-Aug-24","71.05","68.66","71.27","68.53","301.30K","3.35%"
"2021-Aug-23","68.75","64.97","68.90","64.60","271.56K","5.48%"
"2021-Aug-20","65.18","66.54","66.93","64.94","254.45K","-1.91%"
"2021-Aug-19","66.45","67.57","67.64","65.57","345.97K","-2.61%"
"2021-Aug-18","68.23","68.96","70.04","67.23","316.98K","-1.16%"
"2021-Aug-17","69.03","69.77","70.00","68.82","239.96K","-0.69%"
"2021-Aug-16","69.51","70.05","70.45","68.14","294.02K","-1.53%"
"2021-Aug-13","70.59","71.12","71.38","70.00","202.42K","-1.01%"
"2021-Aug-12","71.31","71.57","71.90","70.67","224.99K","-0.18%"
"2021-Aug-11","71.44","70.83","71.72","69.07","324.04K","1.15%"
"2021-Aug-10","70.63","69.35","71.24","68.94","246.13K","2.30%"
"2021-Aug-09","69.04","70.26","70.26","67.60","353.68K","-2.35%"
"2021-Aug-06","70.70","71.20","72.43","70.28","298.96K","-0.83%"
"2021-Aug-05","71.29","70.27","71.50","69.75","261.05K","1.29%"
"2021-Aug-04","70.38","72.33","72.83","70.11","370.13K","-2.80%"
"2021-Aug-03","72.41","73.08","73.55","71.05","303.73K","-0.66%"
"2021-Aug-02","72.89","75.39","75.39","72.31","304.87K","-4.51%"
"2021-Jul-30","76.33","75.81","76.38","75.38","14.39K","0.37%"
"2021-Jul-29","76.05","74.76","76.15","74.63","78.27K","1.75%"
"2021-Jul-28","74.74","74.77","75.32","74.42","111.62K","0.35%"
"2021-Jul-27","74.48","74.67","75.05","74.02","181.94K","-0.03%"
"2021-Jul-26","74.50","74.12","74.84","72.75","210.64K","0.54%"
"2021-Jul-23","74.10","73.56","74.22","73.32","181.66K","0.42%"
"2021-Jul-22","73.79","72.24","73.90","71.74","251.60K","2.16%"
"2021-Jul-21","72.23","68.92","72.38","68.63","306.32K","4.15%"
"2021-Jul-20","69.35","68.99","69.73","67.44","316.48K","1.06%"
"2021-Jul-19","68.62","72.86","73.34","67.75","510.92K","-6.75%"
"2021-Jul-16","73.59","73.18","74.09","72.34","292.66K","0.16%"
"2021-Jul-15","73.47","74.50","74.59","73.19","322.33K","-1.73%"
"2021-Jul-14","74.76","76.28","76.72","73.79","376.94K","-2.26%"
"2021-Jul-13","76.49","75.25","76.60","74.93","275.91K","1.77%"
"2021-Jul-12","75.16","75.79","75.84","74.23","262.30K","-0.52%"
"2021-Jul-09","75.55","74.39","75.80","73.80","248.18K","1.93%"
"2021-Jul-08","74.12","73.35","74.40","72.11","314.34K","0.94%"
"2021-Jul-07","73.43","74.69","75.99","72.60","387.43K","-1.48%"
"2021-Jul-06","74.53","77.06","77.84","74.13","410.70K","-3.41%"
"2021-Jul-05","77.16","76.23","77.26","75.70","157.22K","1.30%"
"2021-Jul-02","76.17","75.64","76.43","75.21","236.22K","0.44%"
"2021-Jul-01","75.84","74.69","76.74","74.55","405.16K","0.95%"
"2021-Jun-30","75.13","75.18","75.60","74.39","15.06K","0.49%"
"2021-Jun-29","74.76","74.67","75.51","73.90","94.94K","0.11%"
"2021-Jun-28","74.68","75.99","76.60","74.51","142.11K","-1.97%"
"2021-Jun-25","76.18","75.54","76.21","74.95","172.41K","0.82%"
"2021-Jun-24","75.56","75.30","75.78","74.51","165.05K","0.49%"
"2021-Jun-23","75.19","74.75","76.02","74.70","229.04K","0.51%"
"2021-Jun-22","74.81","74.88","75.30","74.32","294.72K","-0.12%"
"2021-Jun-21","74.90","73.33","74.95","72.98","265.47K","1.89%"
"2021-Jun-18","73.51","73.00","73.76","72.18","231.55K","0.59%"
"2021-Jun-17","73.08","73.80","74.50","72.01","336.64K","-1.76%"
"2021-Jun-16","74.39","74.26","74.96","73.86","306.09K","0.54%"
"2021-Jun-15","73.99","73.03","74.33","72.79","228.62K","1.55%"
"2021-Jun-14","72.86","72.70","73.64","72.59","200.72K","0.23%"
"2021-Jun-11","72.69","72.41","73.09","71.88","276.48K","0.23%"
"2021-Jun-10","72.52","72.03","72.93","70.95","346.58K","0.42%"
"2021-Jun-09","72.22","72.17","72.87","71.82","266.37K","0.00%"
"2021-Jun-08","72.22","71.42","72.42","70.71","285.23K","1.02%"
"2021-Jun-07","71.49","71.82","72.27","71.10","224.33K","-0.56%"
"2021-Jun-04","71.89","71.25","72.17","70.73","222.00K","0.81%"
"2021-Jun-03","71.31","71.27","71.99","70.66","229.79K","-0.06%"
"2021-Jun-02","71.35","70.55","71.48","70.35","221.63K","1.57%"
"2021-Jun-01","70.25","69.39","71.34","69.29","302.49K","1.34%"
"2021-May-31","69.32","68.98","69.82","68.75","80.18K","-0.45%"
"2021-May-28","69.63","69.69","69.92","69.26","21.26K","0.24%"
"2021-May-27","69.46","68.78","69.51","68.11","86.51K","0.86%"
"2021-May-26","68.87","68.55","69.17","68.02","134.62K","0.32%"
"2021-May-25","68.65","68.47","68.90","67.83","183.13K","0.28%"
"2021-May-24","68.46","66.72","68.64","66.46","227.25K","3.04%"
"2021-May-21","66.44","65.22","66.94","64.57","257.64K","2.04%"
"2021-May-20","65.11","66.63","67.17","64.80","388.16K","-2.33%"
"2021-May-19","66.66","68.41","68.46","65.30","386.89K","-2.98%"
"2021-May-18","68.71","69.61","70.24","67.28","378.02K","-1.08%"
"2021-May-17","69.46","68.92","69.62","68.18","230.78K","1.09%"
"2021-May-14","68.71","67.00","68.89","66.50","286.13K","2.48%"
"2021-May-13","67.05","68.88","69.04","66.48","312.00K","-3.27%"
"2021-May-12","69.32","68.78","69.90","68.18","310.30K","1.12%"
"2021-May-11","68.55","68.29","68.75","67.13","321.86K","0.34%"
"2021-May-10","68.32","68.74","69.20","67.41","265.60K","0.06%"
"2021-May-07","68.28","68.26","68.65","67.39","262.58K","0.28%"
"2021-May-06","68.09","68.47","69.37","67.93","273.28K","-1.26%"
"2021-May-05","68.96","69.35","69.95","68.35","283.73K","0.12%"
"2021-May-04","68.88","67.75","69.50","67.37","249.64K","1.95%"
"2021-May-03","67.56","66.70","67.82","66.10","148.71K","0.46%"
"2021-Apr-30","67.25","68.33","68.40","67.06","14.84K","-1.91%"
"2021-Apr-29","68.56","67.18","68.95","67.13","91.52K","1.92%"
"2021-Apr-28","67.27","66.58","67.85","66.13","148.95K","1.28%"
"2021-Apr-27","66.42","65.76","66.80","65.66","222.92K","1.17%"
"2021-Apr-26","65.65","66.10","66.26","64.57","257.58K","-0.70%"
"2021-Apr-23","66.11","65.80","66.30","65.16","187.90K","1.09%"
"2021-Apr-22","65.40","65.13","65.83","64.58","242.47K","0.12%"
"2021-Apr-21","65.32","66.22","66.52","64.96","260.88K","-1.88%"
"2021-Apr-20","66.57","67.20","68.08","65.51","328.24K","-0.72%"
"2021-Apr-19","67.05","66.70","67.23","66.17","193.81K","0.42%"
"2021-Apr-16","66.77","66.86","67.38","66.44","212.20K","-0.25%"
"2021-Apr-15","66.94","66.38","67.03","65.95","240.31K","0.54%"
"2021-Apr-14","66.58","64.01","66.90","63.88","323.04K","4.57%"
"2021-Apr-13","63.67","63.24","64.19","63.18","242.41K","0.62%"
"2021-Apr-12","63.28","63.03","64.31","62.41","257.84K","0.52%"
"2021-Apr-09","62.95","63.28","63.49","62.57","216.24K","-0.40%"
"2021-Apr-08","63.20","63.02","63.43","62.38","265.18K","0.06%"
"2021-Apr-07","63.16","62.60","63.55","61.60","321.39K","0.67%"
"2021-Apr-06","62.74","62.32","64.28","62.08","307.87K","0.95%"
"2021-Apr-05","62.15","64.57","64.81","61.25","231.78K","-4.18%"
"2021-Apr-01","64.86","63.12","65.17","62.38","480.37K","2.08%"
"2021-Mar-31","63.54","64.13","64.79","63.53","9.70K","-0.94%"
"2021-Mar-30","64.14","65.20","65.41","63.52","74.36K","-1.29%"
"2021-Mar-29","64.98","64.58","65.46","63.13","91.75K","0.63%"
"2021-Mar-26","64.57","62.01","64.89","61.85","147.74K","4.23%"
"2021-Mar-25","61.95","63.99","64.19","60.98","202.58K","-3.82%"
"2021-Mar-24","64.41","60.50","64.57","60.47","255.12K","5.95%"
"2021-Mar-23","60.79","64.30","64.30","60.27","392.60K","-5.93%"
"2021-Mar-22","64.62","64.53","65.12","63.45","236.34K","0.14%"
"2021-Mar-19","64.53","62.99","64.95","62.07","446.11K","1.98%"
"2021-Mar-18","63.28","67.77","68.15","61.45","516.08K","-6.94%"
"2021-Mar-17","68.00","68.39","68.89","66.96","309.76K","-0.57%"
"2021-Mar-16","68.39","68.81","68.94","67.36","248.99K","-0.71%"
"2021-Mar-15","68.88","69.08","70.03","67.82","262.60K","-0.49%"
"2021-Mar-12","69.22","69.59","69.90","69.03","251.54K","-0.59%"
"2021-Mar-11","69.63","68.45","69.84","67.99","289.61K","2.55%"
"2021-Mar-10","67.90","67.46","68.42","66.50","361.94K","0.56%"
"2021-Mar-09","67.52","68.13","69.33","67.12","302.61K","-1.06%"
"2021-Mar-08","68.24","69.97","71.38","67.80","352.59K","-1.61%"
"2021-Mar-05","69.36","67.16","69.69","66.67","361.76K","3.93%"
"2021-Mar-04","66.74","64.10","67.75","63.33","510.68K","4.17%"
"2021-Mar-03","64.07","62.38","64.70","62.38","341.67K","2.19%"
"2021-Mar-02","62.70","63.12","64.13","62.38","367.12K","-1.55%"
"2021-Mar-01","63.69","64.85","65.93","63.17","291.91K","-3.69%"
"2021-Feb-26","66.13","66.89","66.90","65.72","16.10K","-1.12%"
"2021-Feb-25","66.88","67.20","67.70","66.48","109.65K","-0.24%"
"2021-Feb-24","67.04","65.06","67.31","64.80","129.71K","2.55%"
"2021-Feb-23","65.37","65.51","66.79","64.47","231.18K","0.20%"
"2021-Feb-22","65.24","62.68","65.85","62.55","213.75K","3.70%"
"2021-Feb-19","62.91","63.30","63.94","62.09","305.83K","-1.60%"
"2021-Feb-18","63.93","65.02","65.52","63.22","420.56K","-0.64%"
"2021-Feb-17","64.34","63.15","64.96","62.73","391.26K","1.56%"
"2021-Feb-16","63.35","63.47","63.70","62.69","284.67K","0.08%"
"2021-Feb-15","63.30","62.83","63.76","62.82","220.38K","1.39%"
"2021-Feb-12","62.43","60.82","62.83","60.35","307.72K","2.11%"
"2021-Feb-11","61.14","61.01","61.50","60.72","209.69K","-0.54%"
"2021-Feb-10","61.47","61.21","61.69","60.87","287.71K","0.62%"
"2021-Feb-09","61.09","60.80","61.34","60.05","319.50K","0.88%"
"2021-Feb-08","60.56","59.43","60.72","59.43","269.31K","2.06%"
"2021-Feb-05","59.34","59.17","59.79","59.08","229.42K","0.85%"
"2021-Feb-04","58.84","58.59","59.12","58.04","244.07K","0.65%"
"2021-Feb-03","58.46","57.85","58.94","57.50","276.86K","1.74%"
"2021-Feb-02","57.46","56.35","58.05","56.33","337.68K","1.97%"
"2021-Feb-01","56.35","54.91","56.53","54.60","288.25K","0.84%"
"2021-Jan-29","55.88","55.52","56.37","55.31","19.94K","0.63%"
"2021-Jan-28","55.53","55.41","56.59","55.31","122.48K","-0.50%"
"2021-Jan-27","55.81","56.05","56.49","55.20","132.41K","-0.18%"
"2021-Jan-26","55.91","55.93","56.34","55.39","163.20K","0.05%"
"2021-Jan-25","55.88","55.26","56.02","55.07","198.27K","0.85%"
"2021-Jan-22","55.41","56.00","56.03","54.48","269.37K","-1.23%"
"2021-Jan-21","56.10","55.82","56.24","55.49","254.59K","0.04%"
"2021-Jan-20","56.08","56.07","56.64","55.66","310.89K","0.32%"
"2021-Jan-19","55.90","55.01","56.08","54.89","261.10K","2.10%"
"2021-Jan-18","54.75","54.75","55.21","54.49","142.87K","-0.64%"
"2021-Jan-15","55.10","56.41","56.50","54.64","298.41K","-2.34%"
"2021-Jan-14","56.42","55.93","56.57","55.24","331.29K","0.64%"
"2021-Jan-13","56.06","56.83","57.42","55.77","324.30K","-0.92%"
"2021-Jan-12","56.58","55.66","56.79","55.51","288.14K","1.65%"
"2021-Jan-11","55.66","56.24","56.39","54.99","295.07K","-0.59%"
"2021-Jan-08","55.99","54.56","56.36","54.34","336.65K","2.96%"
"2021-Jan-07","54.38","54.13","54.90","53.94","267.19K","0.15%"
"2021-Jan-06","54.30","53.52","54.73","53.02","414.41K","1.31%"
"2021-Jan-05","53.60","50.95","53.90","50.70","455.35K","4.91%"
"2021-Jan-04","51.09","51.50","53.33","50.56","382.90K","-1.37%"
"2020-Dec-31","51.80","51.49","51.84","50.90","133.22K","0.90%"
"2020-Dec-30","51.34","51.32","51.56","51.04","17.63K","0.49%"
"2020-Dec-29","51.09","51.02","51.63","50.86","91.33K","0.45%"
"2020-Dec-28","50.86","51.25","52.02","50.53","81.06K","-0.84%"
"2020-Dec-24","51.29","51.11","51.77","50.62","96.69K","0.18%"
"2020-Dec-23","51.20","49.70","51.59","49.20","182.63K","2.24%"
"2020-Dec-22","50.08","50.65","50.86","49.56","194.10K","-1.63%"
"2020-Dec-21","50.91","52.22","52.32","49.20","288.74K","-2.58%"
"2020-Dec-18","52.26","51.43","52.48","51.13","246.12K","1.48%"
"2020-Dec-17","51.50","51.12","51.90","51.08","233.88K","0.82%"
"2020-Dec-16","51.08","50.64","51.20","50.34","222.74K","0.63%"
"2020-Dec-15","50.76","50.30","50.89","49.78","190.55K","0.93%"
"2020-Dec-14","50.29","50.05","50.80","49.13","236.96K","0.64%"
"2020-Dec-11","49.97","50.45","50.74","49.74","231.87K","-0.56%"
"2020-Dec-10","50.25","49.00","51.06","48.86","288.73K","2.84%"
"2020-Dec-09","48.86","48.84","49.55","48.40","267.79K","0.04%"
"2020-Dec-08","48.84","48.58","49.00","48.09","225.24K","0.10%"
"2020-Dec-07","48.79","49.23","49.43","48.40","207.51K","-0.93%"
"2020-Dec-04","49.25","48.96","49.92","48.84","253.64K","1.11%"
"2020-Dec-03","48.71","48.00","48.94","47.67","274.73K","0.95%"
"2020-Dec-02","48.25","47.05","48.76","46.82","285.74K","1.75%"
"2020-Dec-01","47.42","47.79","48.30","46.88","258.69K","-0.36%"
"2020-Nov-30","47.59","47.91","47.99","46.85","20.68K","-1.22%"
"2020-Nov-27","48.18","47.81","48.44","47.34","87.75K","0.79%"
"2020-Nov-26","47.80","48.76","49.09","47.53","88.76K","-1.67%"
"2020-Nov-25","48.61","47.80","49.06","47.72","231.03K","1.57%"
"2020-Nov-24","47.86","45.90","48.03","45.89","263.24K","3.91%"
"2020-Nov-23","46.06","45.08","46.12","44.89","267.25K","2.45%"
"2020-Nov-20","44.96","44.15","45.24","44.05","264.01K","1.72%"
"2020-Nov-19","44.20","43.96","44.57","43.79","210.30K","-0.32%"
"2020-Nov-18","44.34","43.75","44.89","43.48","242.88K","1.35%"
"2020-Nov-17","43.75","43.89","44.25","43.08","226.35K","-0.16%"
"2020-Nov-16","43.82","42.71","44.67","42.71","268.43K","2.43%"
"2020-Nov-13","42.78","43.20","43.34","42.63","216.74K","-1.72%"
"2020-Nov-12","43.53","43.73","44.50","43.26","266.04K","-0.62%"
"2020-Nov-11","43.80","43.77","45.30","43.60","346.77K","0.44%"
"2020-Nov-10","43.61","41.75","44.11","41.71","315.25K","2.85%"
"2020-Nov-09","42.40","39.65","43.48","39.46","393.05K","7.48%"
"2020-Nov-06","39.45","40.63","40.69","39.34","255.44K","-3.62%"
"2020-Nov-05","40.93","40.96","41.53","40.33","219.20K","-0.73%"
"2020-Nov-04","41.23","40.13","41.33","39.42","250.87K","3.83%"
"2020-Nov-03","39.71","39.26","40.45","38.65","278.63K","1.90%"
"2020-Nov-02","38.97","37.37","39.36","35.74","326.07K","4.03%"
"2020-Oct-30","37.46","37.50","38.10","36.80","20.19K","-0.50%"
"2020-Oct-29","37.65","39.16","39.45","36.64","112.49K","-3.76%"
"2020-Oct-28","39.12","40.61","40.70","38.75","163.83K","-5.05%"
"2020-Oct-27","41.20","40.50","41.47","40.40","207.54K","1.83%"
"2020-Oct-26","40.46","41.53","41.63","40.22","210.53K","-3.14%"
"2020-Oct-23","41.77","42.40","42.80","41.50","205.21K","-1.63%"
"2020-Oct-22","42.46","41.59","42.79","41.46","257.20K","1.75%"
"2020-Oct-21","41.73","42.91","43.04","41.45","268.88K","-3.31%"
"2020-Oct-20","43.16","42.45","43.30","42.19","252.05K","1.27%"
"2020-Oct-19","42.62","42.69","43.23","42.36","209.06K","-0.72%"
"2020-Oct-16","42.93","43.10","43.21","42.27","197.16K","-0.53%"
"2020-Oct-15","43.16","43.45","43.48","41.56","295.28K","-0.37%"
"2020-Oct-14","43.32","42.43","43.45","42.13","279.12K","2.05%"
"2020-Oct-13","42.45","41.81","42.68","41.66","227.85K","1.75%"
"2020-Oct-12","41.72","42.60","42.71","41.36","238.87K","-2.64%"
"2020-Oct-09","42.85","43.36","43.57","42.61","254.62K","-1.13%"
"2020-Oct-08","43.34","42.15","43.47","41.86","266.26K","3.22%"
"2020-Oct-07","41.99","41.85","42.42","41.36","241.20K","-1.55%"
"2020-Oct-06","42.65","41.41","42.84","41.22","291.68K","3.29%"
"2020-Oct-05","41.29","39.19","41.78","39.14","273.76K","5.14%"
"2020-Oct-02","39.27","40.65","40.77","38.79","337.41K","-4.06%"
"2020-Oct-01","40.93","42.17","42.56","39.92","338.72K","-0.05%"
"2020-Sep-30","40.95","40.66","40.98","40.30","19.38K","-0.19%"
"2020-Sep-29","41.03","42.47","42.52","40.43","91.60K","-3.30%"
"2020-Sep-28","42.43","41.87","42.62","41.48","91.82K","1.22%"
"2020-Sep-25","41.92","41.85","42.33","41.52","129.40K","-0.05%"
"2020-Sep-24","41.94","41.36","42.02","41.27","162.93K","0.41%"
"2020-Sep-23","41.77","41.67","42.62","41.21","183.88K","0.12%"
"2020-Sep-22","41.72","41.79","42.20","41.21","210.74K","0.68%"
"2020-Sep-21","41.44","43.01","43.30","40.96","217.36K","-3.96%"
"2020-Sep-18","43.15","43.22","43.80","42.53","204.66K","-0.35%"
"2020-Sep-17","43.30","42.32","43.50","41.50","237.40K","2.56%"
"2020-Sep-16","42.22","40.72","42.44","40.59","237.25K","4.17%"
"2020-Sep-15","40.53","39.70","40.82","39.39","214.80K","2.32%"
"2020-Sep-14","39.61","39.78","40.09","39.30","200.09K","-0.55%"
"2020-Sep-11","39.83","39.96","40.34","39.38","211.88K","-0.57%"
"2020-Sep-10","40.06","40.58","40.96","39.71","208.86K","-1.79%"
"2020-Sep-09","40.79","39.65","41.20","39.37","278.22K","2.54%"
"2020-Sep-08","39.78","42.08","42.23","39.31","363.53K","-5.31%"
"2020-Sep-07","42.01","42.20","42.43","41.51","122.98K","-1.52%"
"2020-Sep-04","42.66","43.76","44.54","42.30","270.96K","-3.20%"
"2020-Sep-03","44.07","44.65","44.65","43.15","274.93K","-0.81%"
"2020-Sep-02","44.43","45.83","46.05","44.20","260.14K","-2.52%"
"2020-Sep-01","45.58","45.60","46.22","45.47","206.72K","0.66%"
"2020-Aug-31","45.28","45.80","46.53","45.21","174.31K","0.51%"
"2020-Aug-28","45.05","45.10","45.30","44.80","21.14K","-0.09%"
"2020-Aug-27","45.09","45.70","45.87","44.56","102.26K","-1.21%"
"2020-Aug-26","45.64","45.97","46.10","45.54","132.51K","-0.48%"
"2020-Aug-25","45.86","45.12","46.07","45.08","178.31K","1.62%"
"2020-Aug-24","45.13","44.50","45.18","44.29","176.64K","1.76%"
"2020-Aug-21","44.35","45.03","45.08","43.59","221.99K","-1.22%"
"2020-Aug-20","44.90","45.14","45.18","44.02","249.74K","-1.04%"
"2020-Aug-19","45.37","45.17","45.48","44.81","174.88K","-0.20%"
"2020-Aug-18","45.46","45.27","45.55","44.76","181.69K","0.20%"
"2020-Aug-17","45.37","44.86","45.41","44.53","164.23K","1.27%"
"2020-Aug-14","44.80","45.29","45.29","44.47","151.46K","-0.36%"
"2020-Aug-13","44.96","45.32","45.58","44.82","148.41K","-1.03%"
"2020-Aug-12","45.43","44.62","45.63","44.49","166.48K","2.09%"
"2020-Aug-11","44.50","45.05","45.79","44.39","202.74K","-1.09%"
"2020-Aug-10","44.99","44.66","45.26","44.37","135.30K","1.33%"
"2020-Aug-07","44.40","45.15","45.30","44.27","171.72K","-1.53%"
"2020-Aug-06","45.09","45.32","45.71","44.85","184.52K","-0.18%"
"2020-Aug-05","45.17","44.28","46.23","44.24","246.98K","1.67%"
"2020-Aug-04","44.43","43.84","44.82","43.24","227.12K","0.63%"
"2020-Aug-03","44.15","43.53","44.46","42.89","198.70K","1.96%"
"2020-Jul-31","43.30","43.29","43.44","43.05","14.42K","0.84%"
"2020-Jul-30","42.94","43.73","43.80","41.38","63.20K","-1.85%"
"2020-Jul-29","43.75","43.31","43.95","43.20","64.92K","1.23%"
"2020-Jul-28","43.22","43.55","43.84","43.00","107.34K","-0.44%"
"2020-Jul-27","43.41","43.35","43.77","42.39","174.75K","0.16%"
"2020-Jul-24","43.34","43.27","43.90","42.79","191.05K","0.07%"
"2020-Jul-23","43.31","44.10","44.77","43.13","262.24K","-2.21%"
"2020-Jul-22","44.29","44.03","44.40","43.62","202.16K","-0.07%"
"2020-Jul-21","44.32","43.17","44.89","43.16","229.78K","2.40%"
"2020-Jul-20","43.28","43.08","43.45","42.36","179.43K","0.32%"
"2020-Jul-17","43.14","43.40","43.45","42.64","162.40K","-0.53%"
"2020-Jul-16","43.37","43.71","43.80","43.14","172.16K","-0.96%"
"2020-Jul-15","43.79","43.07","43.85","42.70","232.18K","2.07%"
"2020-Jul-14","42.90","42.24","43.22","41.80","221.12K","0.42%"
"2020-Jul-13","42.72","43.12","43.34","42.14","200.31K","-1.20%"
"2020-Jul-10","43.24","42.36","43.42","41.32","214.05K","2.10%"
"2020-Jul-09","42.35","43.30","43.50","41.94","237.75K","-2.17%"
"2020-Jul-08","43.29","42.81","43.47","42.75","185.14K","0.49%"
"2020-Jul-07","43.08","43.13","43.45","42.46","183.23K","-0.05%"
"2020-Jul-06","43.10","42.79","43.71","42.74","185.02K","0.70%"
"2020-Jul-03","42.80","42.76","42.99","42.32","96.78K","-0.79%"
"2020-Jul-02","43.14","41.84","43.23","41.73","196.69K","2.64%"
"2020-Jul-01","42.03","41.58","42.62","41.03","252.52K","2.14%"
"2020-Jun-30","41.15","41.33","41.62","40.90","12.60K","-1.34%"
"2020-Jun-29","41.71","40.56","41.95","40.04","86.78K","1.68%"
"2020-Jun-26","41.02","41.44","41.81","40.29","120.32K","-0.07%"
"2020-Jun-25","41.05","40.35","41.64","39.47","166.05K","1.84%"
"2020-Jun-24","40.31","42.45","42.89","39.63","195.72K","-5.44%"
"2020-Jun-23","42.63","43.21","43.93","42.21","183.03K","-1.04%"
"2020-Jun-22","43.08","41.74","43.18","41.58","187.65K","2.11%"
"2020-Jun-19","42.19","41.72","42.92","41.03","217.49K","1.64%"
"2020-Jun-18","41.51","40.43","41.64","40.06","175.79K","1.97%"
"2020-Jun-17","40.71","40.61","41.46","40.03","175.24K","-0.61%"
"2020-Jun-16","40.96","39.94","41.65","38.95","248.58K","3.12%"
"2020-Jun-15","39.72","38.80","39.90","37.24","215.42K","2.56%"
"2020-Jun-12","38.73","37.88","39.45","37.01","237.89K","0.47%"
"2020-Jun-11","38.55","40.95","41.01","37.82","290.17K","-7.62%"
"2020-Jun-10","41.73","40.72","41.99","40.14","234.19K","1.34%"
"2020-Jun-09","41.18","41.10","41.45","39.85","222.36K","0.93%"
"2020-Jun-08","40.80","42.40","43.41","40.68","227.88K","-3.55%"
"2020-Jun-05","42.30","39.84","42.48","39.72","250.31K","5.78%"
"2020-Jun-04","39.99","39.60","40.10","39.04","172.61K","0.50%"
"2020-Jun-03","39.79","39.75","40.53","38.76","239.43K","0.56%"
"2020-Jun-02","39.57","38.34","39.75","38.26","205.22K","3.26%"
"2020-Jun-01","38.32","37.56","38.68","37.18","212.78K","8.46%"
"2020-May-29","35.33","35.15","35.37","34.06","14.71K","0.11%"
"2020-May-28","35.29","33.92","35.95","33.62","70.99K","1.58%"
"2020-May-27","34.74","35.93","36.16","33.98","112.25K","-3.95%"
"2020-May-26","36.17","35.66","36.68","35.26","129.98K","1.80%"
"2020-May-25","35.53","34.98","35.97","34.46","28.96K","1.14%"
"2020-May-22","35.13","36.18","36.23","33.54","174.59K","-2.58%"
"2020-May-21","36.06","35.82","36.98","35.75","178.55K","0.87%"
"2020-May-20","35.75","34.45","36.46","34.38","191.27K","3.17%"
"2020-May-19","34.65","35.66","35.76","34.20","188.93K","-0.46%"
"2020-May-18","34.81","32.78","35.72","32.69","232.25K","7.11%"
"2020-May-15","32.50","31.52","32.91","30.94","211.28K","4.40%"
"2020-May-14","31.13","29.52","31.55","28.88","222.21K","6.65%"
"2020-May-13","29.19","29.35","30.55","28.86","221.11K","-2.64%"
"2020-May-12","29.98","30.07","30.70","29.35","202.47K","1.18%"
"2020-May-11","29.63","30.70","31.47","29.35","242.21K","-4.33%"
"2020-May-08","30.97","29.60","31.14","29.43","147.30K","5.13%"
"2020-May-07","29.46","29.64","31.84","29.08","259.89K","-0.87%"
"2020-May-06","29.72","32.27","32.27","28.66","268.46K","-4.04%"
"2020-May-05","30.97","28.10","32.06","27.77","267.14K","13.86%"
"2020-May-04","27.20","26.10","28.08","25.50","215.73K","2.87%"
"2020-May-01","26.44","26.95","27.88","25.76","216.98K","4.63%"
"2020-Apr-30","25.27","22.87","25.76","22.87","9.69K","12.11%"
"2020-Apr-29","22.54","20.66","23.88","20.53","86.55K","10.17%"
"2020-Apr-28","20.46","19.90","21.29","18.73","123.22K","2.35%"
"2020-Apr-27","19.99","21.55","21.91","19.11","162.39K","-6.76%"
"2020-Apr-24","21.44","21.93","22.70","20.50","187.00K","0.52%"
"2020-Apr-23","21.33","20.89","23.22","20.07","256.30K","4.71%"
"2020-Apr-22","20.37","20.23","22.45","15.98","344.76K","5.38%"
"2020-Apr-21","19.33","26.33","26.50","17.51","637.21K","-24.40%"
"2020-Apr-20","25.57","28.05","28.25","25.37","361.83K","-8.94%"
"2020-Apr-17","28.08","28.66","28.93","27.58","286.17K","0.93%"
"2020-Apr-16","27.82","28.05","29.00","27.20","272.98K","0.47%"
"2020-Apr-15","27.69","30.26","30.33","27.16","284.34K","-6.45%"
"2020-Apr-14","29.60","32.25","32.32","29.38","297.55K","-6.74%"
"2020-Apr-13","31.74","33.99","33.99","30.63","223.29K","0.83%"
"2020-Apr-09","31.48","33.82","36.40","31.18","493.00K","-4.14%"
"2020-Apr-08","32.84","32.63","33.87","31.54","320.61K","3.04%"
"2020-Apr-07","31.87","33.66","34.18","31.74","303.42K","-3.57%"
"2020-Apr-06","33.05","31.76","34.24","30.03","296.07K","-3.11%"
"2020-Apr-03","34.11","29.89","35.00","28.25","541.28K","13.93%"
"2020-Apr-02","29.94","25.61","36.29","25.45","612.27K","21.02%"
"2020-Apr-01","24.74","25.99","26.28","24.52","347.29K","8.80%"
"2020-Mar-31","22.74","23.00","23.87","22.59","14.77K","-0.09%"
"2020-Mar-30","22.76","23.85","24.44","21.65","62.08K","-8.70%"
"2020-Mar-27","24.93","26.68","27.00","24.13","112.74K","-5.35%"
"2020-Mar-26","26.34","27.35","27.75","26.03","139.18K","-3.83%"
"2020-Mar-25","27.39","27.80","28.29","25.68","154.94K","0.88%"
"2020-Mar-24","27.15","27.72","28.65","26.69","198.91K","0.44%"
"2020-Mar-23","27.03","26.75","27.54","24.68","257.59K","0.19%"
"2020-Mar-20","26.98","28.10","30.94","26.81","313.84K","-5.23%"
"2020-Mar-19","28.47","27.19","29.42","24.96","335.72K","14.43%"
"2020-Mar-18","24.88","28.40","29.21","24.52","348.40K","-13.40%"
"2020-Mar-17","28.73","30.14","31.25","28.50","270.24K","-4.39%"
"2020-Mar-16","30.05","35.82","35.84","29.45","330.12K","-11.23%"
"2020-Mar-13","33.85","32.85","36.15","32.50","360.63K","1.90%"
"2020-Mar-12","33.22","35.99","36.46","32.50","472.74K","-7.18%"
"2020-Mar-11","35.79","37.27","39.70","35.35","471.77K","-3.84%"
"2020-Mar-10","37.22","35.84","38.22","35.00","551.29K","8.32%"
"2020-Mar-09","34.36","38.28","38.34","31.02","779.72K","-24.10%"
"2020-Mar-06","45.27","50.25","50.45","45.18","636.39K","-9.44%"
"2020-Mar-05","49.99","51.66","52.04","49.70","361.04K","-2.23%"
"2020-Mar-04","51.13","52.11","53.03","51.04","363.50K","-1.41%"
"2020-Mar-03","51.86","53.47","53.90","51.22","407.55K","-0.08%"
"2020-Mar-02","51.90","48.95","53.20","48.40","417.56K","2.73%"
"2020-Feb-28","50.52","51.42","51.52","50.05","20.36K","-3.18%"
"2020-Feb-27","52.18","53.18","53.25","50.97","112.16K","-2.34%"
"2020-Feb-26","53.43","55.13","55.45","53.03","171.50K","-2.77%"
"2020-Feb-25","54.95","56.46","56.98","54.62","210.28K","-2.40%"
"2020-Feb-24","56.30","57.85","57.86","55.13","236.33K","-3.76%"
"2020-Feb-21","58.50","59.00","59.25","57.73","236.49K","-1.37%"
"2020-Feb-20","59.31","59.31","60.00","58.90","268.65K","0.32%"
"2020-Feb-19","59.12","57.60","59.40","57.51","262.15K","2.37%"
"2020-Feb-18","57.75","57.35","57.83","56.30","249.20K","0.14%"
"2020-Feb-17","57.67","57.29","57.70","56.83","115.34K","0.61%"
"2020-Feb-14","57.32","56.41","57.53","56.15","258.14K","1.74%"
"2020-Feb-13","56.34","55.75","56.83","54.96","325.51K","0.99%"
"2020-Feb-12","55.79","54.41","56.36","54.39","305.45K","3.30%"
"2020-Feb-11","54.01","53.62","54.69","53.60","272.81K","1.39%"
"2020-Feb-10","53.27","54.20","54.71","53.11","280.18K","-2.20%"
"2020-Feb-07","54.47","55.14","55.40","54.21","270.80K","-0.84%"
"2020-Feb-06","54.93","55.56","56.58","54.25","379.87K","-0.63%"
"2020-Feb-05","55.28","54.05","56.46","54.05","412.27K","2.45%"
"2020-Feb-04","53.96","54.33","55.65","53.69","409.86K","-0.90%"
"2020-Feb-03","54.45","56.16","56.77","54.08","477.22K","-6.38%"
"2020-Jan-31","58.16","59.30","59.45","57.94","19.60K","-0.22%"
"2020-Jan-30","58.29","59.60","59.65","57.71","104.27K","-2.54%"
"2020-Jan-29","59.81","59.86","60.62","59.26","142.68K","0.50%"
"2020-Jan-28","59.51","59.03","60.12","58.50","248.95K","0.32%"
"2020-Jan-27","59.32","60.23","60.49","58.50","259.77K","-2.26%"
"2020-Jan-24","60.69","62.01","62.46","60.25","257.95K","-2.18%"
"2020-Jan-23","62.04","62.68","62.69","61.25","361.91K","-1.85%"
"2020-Jan-22","63.21","64.57","64.58","62.62","273.30K","-2.14%"
"2020-Jan-21","64.59","65.26","65.35","64.06","248.56K","-0.94%"
"2020-Jan-20","65.20","65.98","66.00","64.92","154.79K","0.54%"
"2020-Jan-17","64.85","64.69","65.60","64.48","238.64K","0.36%"
"2020-Jan-16","64.62","64.26","64.97","63.90","220.17K","0.97%"
"2020-Jan-15","64.00","64.44","64.60","63.55","229.53K","-0.76%"
"2020-Jan-14","64.49","64.29","65.05","63.92","270.50K","0.45%"
"2020-Jan-13","64.20","65.13","65.27","63.92","262.47K","-1.20%"
"2020-Jan-10","64.98","65.29","65.66","64.86","272.17K","-0.60%"
"2020-Jan-09","65.37","66.00","66.10","64.56","364.45K","-0.11%"
"2020-Jan-08","65.44","71.22","71.75","64.94","560.89K","-4.15%"
"2020-Jan-07","68.27","68.63","68.75","67.65","284.92K","-0.93%"
"2020-Jan-06","68.91","69.35","70.74","68.21","341.14K","0.45%"
"2020-Jan-03","68.60","66.28","69.50","66.22","479.70K","3.55%"
"2020-Jan-02","66.25","66.41","66.58","65.72","205.69K","0.38%"
"2019-Dec-31","66.00","66.65","66.93","65.63","171.01K","-3.57%"
"2019-Dec-30","68.44","68.20","68.99","68.16","29.42K","0.41%"
"2019-Dec-27","68.16","67.91","68.33","67.57","112.22K","0.35%"
"2019-Dec-26","67.92","67.27","67.99","67.22","69.82K","1.07%"
"2019-Dec-24","67.20","66.44","67.26","66.36","106.43K","1.22%"
"2019-Dec-23","66.39","66.15","66.62","65.81","131.42K","0.38%"
"2019-Dec-20","66.14","66.56","66.72","65.70","217.98K","-0.60%"
"2019-Dec-19","66.54","66.19","66.78","66.03","249.54K","0.56%"
"2019-Dec-18","66.17","65.84","66.43","65.56","262.34K","0.11%"
"2019-Dec-17","66.10","65.31","66.24","65.12","245.83K","1.16%"
"2019-Dec-16","65.34","65.05","65.66","64.88","186.09K","0.18%"
"2019-Dec-13","65.22","64.56","65.79","64.50","232.75K","1.59%"
"2019-Dec-12","64.20","63.90","64.85","63.87","238.31K","0.75%"
"2019-Dec-11","63.72","64.00","64.26","63.01","250.14K","-0.96%"
"2019-Dec-10","64.34","64.03","64.69","63.78","235.19K","0.14%"
"2019-Dec-09","64.25","64.29","64.50","63.61","239.77K","-0.22%"
"2019-Dec-06","64.39","63.41","64.88","62.83","314.60K","1.58%"
"2019-Dec-05","63.39","62.97","63.91","62.75","294.84K","0.62%"
"2019-Dec-04","63.00","61.08","63.51","61.00","319.04K","3.58%"
"2019-Dec-03","60.82","61.05","61.58","60.30","248.55K","-0.16%"
"2019-Dec-02","60.92","60.73","62.09","60.72","297.87K","-2.42%"
"2019-Nov-29","62.43","63.77","63.86","62.36","19.65K","-2.25%"
"2019-Nov-28","63.87","63.91","64.00","63.19","96.08K","-0.30%"
"2019-Nov-27","64.06","64.02","64.60","63.51","125.47K","-0.33%"
"2019-Nov-26","64.27","63.70","64.32","63.44","181.10K","0.97%"
"2019-Nov-25","63.65","63.60","63.80","62.97","212.05K","0.41%"
"2019-Nov-22","63.39","63.62","64.27","62.98","228.74K","-0.91%"
"2019-Nov-21","63.97","62.22","64.03","61.92","318.49K","2.52%"
"2019-Nov-20","62.40","60.94","62.80","60.30","343.31K","2.45%"
"2019-Nov-19","60.91","62.28","62.57","60.70","296.80K","-2.45%"
"2019-Nov-18","62.44","63.36","63.57","61.94","228.25K","-1.36%"
"2019-Nov-15","63.30","62.47","63.65","61.70","255.68K","1.64%"
"2019-Nov-14","62.28","62.61","63.21","62.15","234.78K","-0.14%"
"2019-Nov-13","62.37","61.85","62.74","61.22","273.03K","0.50%"
"2019-Nov-12","62.06","62.11","62.85","61.82","238.17K","-0.19%"
"2019-Nov-11","62.18","62.60","62.76","61.57","213.34K","-0.53%"
"2019-Nov-08","62.51","62.29","62.70","60.66","287.67K","0.35%"
"2019-Nov-07","62.29","61.73","62.89","61.65","261.07K","0.89%"
"2019-Nov-06","61.74","62.78","63.32","61.59","275.94K","-1.94%"
"2019-Nov-05","62.96","62.04","63.19","61.85","231.67K","1.34%"
"2019-Nov-04","62.13","61.80","62.78","61.28","235.38K","0.71%"
"2019-Nov-01","61.69","59.45","61.82","59.40","236.09K","2.42%"
"2019-Oct-31","60.23","60.57","61.13","60.07","13.90K","-0.63%"
"2019-Oct-30","60.61","61.60","61.93","60.45","105.87K","-1.59%"
"2019-Oct-29","61.59","61.61","61.98","60.66","136.93K","0.03%"
"2019-Oct-28","61.57","62.04","62.34","61.19","167.86K","-0.73%"
"2019-Oct-25","62.02","61.50","62.11","60.93","204.45K","0.57%"
"2019-Oct-24","61.67","60.99","61.90","60.64","215.54K","0.82%"
"2019-Oct-23","61.17","59.48","61.30","58.85","313.23K","2.46%"
"2019-Oct-22","59.70","59.05","60.26","58.75","260.60K","1.26%"
"2019-Oct-21","58.96","59.23","59.55","58.26","212.57K","-0.77%"
"2019-Oct-18","59.42","59.78","60.29","59.01","228.14K","-0.82%"
"2019-Oct-17","59.91","58.99","60.04","58.69","269.84K","0.82%"
"2019-Oct-16","59.42","58.90","59.75","58.36","257.88K","1.16%"
"2019-Oct-15","58.74","59.30","59.68","58.00","305.68K","-1.03%"
"2019-Oct-14","59.35","60.69","60.73","58.50","283.07K","-1.92%"
"2019-Oct-11","60.51","59.53","60.69","59.21","367.63K","2.39%"
"2019-Oct-10","59.10","58.04","59.60","57.80","262.53K","1.34%"
"2019-Oct-09","58.32","58.02","59.35","57.91","266.48K","0.14%"
"2019-Oct-08","58.24","58.47","58.92","57.38","274.74K","-0.19%"
"2019-Oct-07","58.35","58.02","59.68","58.02","228.41K","-0.03%"
"2019-Oct-04","58.37","57.69","58.96","57.67","299.92K","1.14%"
"2019-Oct-03","57.71","57.54","57.99","56.15","336.90K","0.03%"
"2019-Oct-02","57.69","59.25","59.50","57.22","307.91K","-2.04%"
"2019-Oct-01","58.89","59.38","60.10","58.41","291.67K","-3.11%"
"2019-Sep-30","60.78","62.24","62.24","60.73","22.01K","-1.83%"
"2019-Sep-27","61.91","62.48","62.75","60.76","97.33K","-1.32%"
"2019-Sep-26","62.74","62.58","62.92","61.45","115.57K","0.56%"
"2019-Sep-25","62.39","62.44","62.81","61.23","201.47K","-1.13%"
"2019-Sep-24","63.10","64.40","64.60","62.30","216.28K","-2.58%"
"2019-Sep-23","64.77","65.23","65.50","63.53","204.78K","0.76%"
"2019-Sep-20","64.28","65.00","65.28","64.05","224.88K","-0.19%"
"2019-Sep-19","64.40","63.51","65.57","63.46","258.85K","1.26%"
"2019-Sep-18","63.60","64.23","64.99","63.04","295.05K","-1.47%"
"2019-Sep-17","64.55","68.15","69.26","63.55","620.49K","-6.48%"
"2019-Sep-16","69.02","66.45","71.95","64.75","735.54K","14.61%"
"2019-Sep-13","60.22","60.45","60.81","59.60","195.83K","-0.26%"
"2019-Sep-12","60.38","61.16","61.39","58.92","358.09K","-0.71%"
"2019-Sep-11","60.81","62.88","63.27","60.52","315.12K","-2.52%"
"2019-Sep-10","62.38","62.82","63.78","62.17","267.55K","-0.34%"
"2019-Sep-09","62.59","61.60","63.00","61.57","249.71K","1.71%"
"2019-Sep-06","61.54","60.81","61.88","59.40","287.36K","0.97%"
"2019-Sep-05","60.95","60.49","62.40","60.25","292.06K","0.41%"
"2019-Sep-04","60.70","58.17","60.96","58.13","283.10K","4.19%"
"2019-Sep-03","58.26","58.54","58.87","57.23","265.12K","-0.68%"
"2019-Sep-02","58.66","58.80","59.26","58.10","121.64K","-2.93%"
"2019-Aug-30","60.43","60.98","61.17","60.25","25.14K","-1.06%"
"2019-Aug-29","61.08","60.48","61.19","59.98","131.09K","0.98%"
"2019-Aug-28","60.49","60.04","61.00","59.80","134.26K","1.65%"
"2019-Aug-27","59.51","58.80","60.17","58.51","218.37K","1.38%"
"2019-Aug-26","58.70","58.35","60.17","58.24","183.30K","-1.08%"
"2019-Aug-23","59.34","60.11","60.29","58.30","321.24K","-0.97%"
"2019-Aug-22","59.92","60.43","60.89","59.47","276.11K","-0.63%"
"2019-Aug-21","60.30","60.11","61.41","60.07","269.68K","0.45%"
"2019-Aug-20","60.03","59.68","60.32","58.95","245.25K","0.49%"
"2019-Aug-19","59.74","58.72","59.92","58.64","211.45K","1.88%"
"2019-Aug-16","58.64","58.41","59.50","58.28","209.43K","0.70%"
"2019-Aug-15","58.23","59.07","59.42","57.67","298.67K","-2.10%"
"2019-Aug-14","59.48","61.07","61.08","58.21","320.43K","-2.97%"
"2019-Aug-13","61.30","58.47","61.50","58.00","338.08K","4.66%"
"2019-Aug-12","58.57","58.30","58.88","57.88","221.35K","0.07%"
"2019-Aug-09","58.53","57.74","59.10","57.11","281.80K","2.00%"
"2019-Aug-08","57.38","57.48","58.01","56.77","299.69K","2.05%"
"2019-Aug-07","56.23","58.68","59.23","55.88","485.19K","-4.60%"
"2019-Aug-06","58.94","59.56","60.56","58.55","328.15K","-1.45%"
"2019-Aug-05","59.81","61.46","61.56","59.66","378.86K","-3.36%"
"2019-Aug-02","61.89","61.16","62.95","60.98","364.14K","2.30%"
"2019-Aug-01","60.50","64.09","64.54","60.02","433.72K","-7.17%"
"2019-Jul-31","65.17","64.95","65.42","64.95","18.76K","0.70%"
"2019-Jul-30","64.72","63.91","65.14","63.90","86.10K","1.59%"
"2019-Jul-29","63.71","63.32","63.90","62.92","101.70K","0.39%"
"2019-Jul-26","63.46","63.28","63.96","63.01","159.86K","0.11%"
"2019-Jul-25","63.39","63.21","64.23","63.01","169.84K","0.33%"
"2019-Jul-24","63.18","64.13","64.66","62.59","301.51K","-1.02%"
"2019-Jul-23","63.83","63.26","64.46","62.66","272.73K","0.90%"
"2019-Jul-22","63.26","63.05","64.03","62.77","267.78K","1.26%"
"2019-Jul-19","62.47","62.50","63.37","61.83","298.98K","0.87%"
"2019-Jul-18","61.93","63.52","64.46","61.29","374.89K","-2.72%"
"2019-Jul-17","63.66","64.44","65.28","63.22","274.93K","-1.07%"
"2019-Jul-16","64.35","66.31","67.09","63.82","356.74K","-3.20%"
"2019-Jul-15","66.48","66.87","67.47","66.11","283.09K","-0.36%"
"2019-Jul-12","66.72","66.83","67.29","66.51","244.70K","0.30%"
"2019-Jul-11","66.52","66.81","67.65","66.43","283.02K","-0.73%"
"2019-Jul-10","67.01","64.78","67.12","64.63","349.51K","4.44%"
"2019-Jul-09","64.16","63.81","64.75","63.76","263.89K","0.08%"
"2019-Jul-08","64.11","64.34","65.14","63.79","253.82K","-0.19%"
"2019-Jul-05","64.23","63.27","64.52","62.91","203.54K","1.47%"
"2019-Jul-04","63.30","63.88","64.07","62.95","114.98K","-0.81%"
"2019-Jul-03","63.82","62.90","64.01","62.09","281.75K","2.28%"
"2019-Jul-02","62.40","64.80","65.51","62.22","386.94K","-4.09%"
"2019-Jul-01","65.06","65.05","66.75","64.22","361.41K","-2.24%"
"2019-Jun-28","66.55","66.51","66.84","66.08","34.62K","0.00%"
"2019-Jun-27","66.55","66.05","66.82","65.63","103.16K","0.09%"
"2019-Jun-26","66.49","65.80","66.85","65.60","141.95K","2.21%"
"2019-Jun-25","65.05","64.89","65.98","64.17","205.80K","0.29%"
"2019-Jun-24","64.86","65.50","65.79","64.08","217.44K","-0.52%"
"2019-Jun-21","65.20","64.86","65.76","64.00","257.92K","1.16%"
"2019-Jun-20","64.45","62.45","64.82","62.40","394.17K","4.25%"
"2019-Jun-19","61.82","62.40","62.55","61.40","320.06K","-0.51%"
"2019-Jun-18","62.14","60.93","62.84","60.25","327.70K","1.97%"
"2019-Jun-17","60.94","62.07","62.37","60.74","236.16K","-1.73%"
"2019-Jun-14","62.01","61.25","62.57","60.74","262.31K","1.14%"
"2019-Jun-13","61.31","59.94","62.64","59.78","435.42K","2.23%"
"2019-Jun-12","59.97","61.79","61.85","59.57","343.21K","-3.72%"
"2019-Jun-11","62.29","62.30","62.87","62.01","302.74K","0.00%"
"2019-Jun-10","62.29","63.58","64.10","62.05","278.49K","-1.58%"
"2019-Jun-07","63.29","62.40","63.59","61.77","307.96K","2.63%"
"2019-Jun-06","61.67","60.40","62.43","60.22","343.64K","1.72%"
"2019-Jun-05","60.63","61.58","62.27","59.45","428.01K","-2.16%"
"2019-Jun-04","61.97","61.00","62.12","60.21","370.27K","1.13%"
"2019-Jun-03","61.28","61.64","62.84","60.55","386.56K","-4.98%"
"2019-May-31","64.49","66.24","66.28","64.37","21.75K","-3.56%"
"2019-May-30","66.87","69.68","69.96","66.31","105.27K","-3.71%"
"2019-May-29","69.45","70.10","70.10","68.08","148.48K","-0.94%"
"2019-May-28","70.11","69.99","70.59","69.58","238.88K","0.00%"
"2019-May-27","70.11","69.15","70.23","68.53","72.18K","2.07%"
"2019-May-24","68.69","67.99","69.30","67.33","292.09K","1.37%"
"2019-May-23","67.76","70.86","70.97","67.02","434.54K","-4.55%"
"2019-May-22","70.99","71.91","72.04","70.42","371.52K","-1.65%"
"2019-May-21","72.18","72.15","72.52","71.63","303.74K","0.29%"
"2019-May-20","71.97","72.50","73.40","71.60","301.98K","-0.33%"
"2019-May-17","72.21","72.82","73.23","71.79","255.53K","-0.56%"
"2019-May-16","72.62","72.05","73.36","71.82","326.44K","1.18%"
"2019-May-15","71.77","70.90","72.25","70.42","272.44K","0.74%"
"2019-May-14","71.24","70.02","71.65","69.93","299.77K","1.44%"
"2019-May-13","70.23","70.83","72.58","69.72","373.47K","-0.55%"
"2019-May-10","70.62","70.45","71.23","70.18","300.46K","0.33%"
"2019-May-09","70.39","70.23","70.65","69.40","328.74K","0.03%"
"2019-May-08","70.37","69.88","70.70","69.33","295.44K","0.70%"
"2019-May-07","69.88","71.15","71.33","69.38","332.07K","-1.91%"
"2019-May-06","71.24","70.59","71.79","68.79","227.02K","0.55%"
"2019-May-03","70.85","70.48","71.54","69.95","249.81K","0.14%"
"2019-May-02","70.75","72.00","72.22","69.68","346.63K","-1.98%"
"2019-May-01","72.18","71.73","72.36","71.30","230.80K","-0.85%"
"2019-Apr-30","72.80","71.94","73.27","71.73","25.34K","1.05%"
"2019-Apr-29","72.04","71.56","72.50","71.06","147.41K","-0.15%"
"2019-Apr-26","72.15","74.20","74.42","71.30","222.89K","-2.96%"
"2019-Apr-25","74.35","74.46","75.60","74.00","309.21K","-0.30%"
"2019-Apr-24","74.57","74.27","74.73","74.02","276.67K","0.08%"
"2019-Apr-23","74.51","74.38","74.73","73.99","308.99K","0.63%"
"2019-Apr-22","74.04","71.93","74.52","71.86","305.17K","2.88%"
"2019-Apr-18","71.97","71.63","72.04","71.20","259.04K","0.49%"
"2019-Apr-17","71.62","71.83","72.27","71.45","276.61K","-0.14%"
"2019-Apr-16","71.72","71.21","71.95","70.74","273.90K","0.76%"
"2019-Apr-15","71.18","71.55","71.60","70.78","219.15K","-0.52%"
"2019-Apr-12","71.55","70.95","71.87","70.90","237.22K","1.02%"
"2019-Apr-11","70.83","71.56","71.68","70.57","278.09K","-1.25%"
"2019-Apr-10","71.73","70.82","71.78","70.57","288.89K","1.59%"
"2019-Apr-09","70.61","71.19","71.34","70.30","267.49K","-0.69%"
"2019-Apr-08","71.10","70.56","71.19","70.43","288.13K","1.08%"
"2019-Apr-05","70.34","69.13","70.48","68.92","263.87K","1.35%"
"2019-Apr-04","69.40","69.44","70.03","68.87","281.88K","0.13%"
"2019-Apr-03","69.31","69.47","69.96","68.80","341.50K","-0.09%"
"2019-Apr-02","69.37","69.22","69.58","68.69","299.30K","0.52%"
"2019-Apr-01","69.01","67.58","69.22","67.58","320.77K","0.91%"
"2019-Mar-29","68.39","68.01","68.89","67.81","20.62K","0.84%"
"2019-Mar-28","67.82","67.75","68.00","66.54","131.64K","-0.01%"
"2019-Mar-27","67.83","67.90","68.35","67.19","148.15K","-0.21%"
"2019-Mar-26","67.97","67.36","68.23","67.24","197.54K","1.13%"
"2019-Mar-25","67.21","67.00","67.65","66.36","216.76K","0.27%"
"2019-Mar-22","67.03","67.76","67.98","66.20","284.52K","-1.22%"
"2019-Mar-21","67.86","68.38","68.69","67.59","303.23K","-0.93%"
"2019-Mar-20","68.50","67.66","68.57","67.19","235.49K","1.32%"
"2019-Mar-19","67.61","67.49","68.20","67.13","234.14K","0.10%"
"2019-Mar-18","67.54","67.14","67.69","66.69","208.53K","0.57%"
"2019-Mar-15","67.16","67.18","67.71","66.13","254.32K","-0.10%"
"2019-Mar-14","67.23","67.65","68.14","67.03","235.99K","-0.47%"
"2019-Mar-13","67.55","66.91","67.76","66.70","243.20K","1.32%"
"2019-Mar-12","66.67","66.70","67.39","66.34","252.13K","0.14%"
"2019-Mar-11","66.58","65.76","66.75","65.63","247.81K","1.28%"
"2019-Mar-08","65.74","66.08","66.09","64.02","316.39K","-0.84%"
"2019-Mar-07","66.30","65.88","67.00","65.75","276.24K","0.47%"
"2019-Mar-06","65.99","65.49","66.18","65.22","283.20K","0.20%"
"2019-Mar-05","65.86","65.46","66.23","65.04","216.39K","0.29%"
"2019-Mar-04","65.67","64.97","66.34","64.93","233.54K","0.92%"
"2019-Mar-01","65.07","66.48","67.14","64.59","297.19K","-1.45%"
"2019-Feb-28","66.03","66.38","66.38","65.67","19.67K","-0.54%"
"2019-Feb-27","66.39","65.64","66.70","65.27","102.14K","1.81%"
"2019-Feb-26","65.21","64.79","65.74","64.32","127.60K","0.69%"
"2019-Feb-25","64.76","66.97","67.47","64.54","220.94K","-3.52%"
"2019-Feb-22","67.12","66.96","67.73","66.87","177.62K","0.07%"
"2019-Feb-21","67.07","67.05","67.31","66.69","245.86K","-0.01%"
"2019-Feb-20","67.08","66.30","67.38","65.63","276.48K","0.95%"
"2019-Feb-19","66.45","66.44","66.65","65.58","246.65K","-0.08%"
"2019-Feb-18","66.50","66.39","66.83","65.90","175.24K","0.38%"
"2019-Feb-15","66.25","64.86","66.39","64.42","294.49K","2.60%"
"2019-Feb-14","64.57","63.69","64.81","63.25","287.45K","1.51%"
"2019-Feb-13","63.61","62.70","63.98","62.69","269.68K","1.91%"
"2019-Feb-12","62.42","61.59","63.34","61.59","278.80K","1.48%"
"2019-Feb-11","61.51","62.11","62.34","60.90","280.96K","-0.95%"
"2019-Feb-08","62.10","61.66","62.36","61.04","254.95K","0.76%"
"2019-Feb-07","61.63","62.50","62.91","60.60","286.17K","-1.69%"
"2019-Feb-06","62.69","62.06","62.80","61.05","225.57K","1.15%"
"2019-Feb-05","61.98","62.64","63.02","61.72","215.36K","-0.85%"
"2019-Feb-04","62.51","62.83","63.63","61.28","297.43K","-0.38%"
"2019-Feb-01","62.75","61.06","62.97","60.46","267.22K","1.39%"
"2019-Jan-31","61.89","61.97","62.32","61.57","20.63K","0.39%"
"2019-Jan-30","61.65","61.26","62.67","61.04","90.93K","0.54%"
"2019-Jan-29","61.32","59.87","61.79","59.75","142.13K","2.32%"
"2019-Jan-28","59.93","61.49","61.69","59.49","214.19K","-2.77%"
"2019-Jan-25","61.64","61.13","61.92","60.70","218.03K","0.90%"
"2019-Jan-24","61.09","61.02","61.51","60.41","274.48K","-0.08%"
"2019-Jan-23","61.14","61.37","62.33","60.21","308.46K","-0.59%"
"2019-Jan-22","61.50","62.59","62.71","60.57","283.22K","-1.98%"
"2019-Jan-21","62.74","62.74","63.15","62.25","138.08K","0.06%"
"2019-Jan-18","62.70","61.33","63.00","61.32","288.91K","2.48%"
"2019-Jan-17","61.18","61.05","61.54","60.04","278.42K","-0.23%"
"2019-Jan-16","61.32","60.42","61.45","60.03","315.59K","1.12%"
"2019-Jan-15","60.64","59.36","60.86","59.11","234.36K","2.80%"
"2019-Jan-14","58.99","60.62","61.04","58.90","263.28K","-2.46%"
"2019-Jan-11","60.48","61.19","62.49","60.08","292.79K","-1.95%"
"2019-Jan-10","61.68","61.15","61.91","60.44","300.92K","0.39%"
"2019-Jan-09","61.44","59.15","61.69","59.05","329.05K","4.63%"
"2019-Jan-08","58.72","57.64","58.87","57.13","288.25K","2.42%"
"2019-Jan-07","57.33","57.41","58.93","57.26","296.58K","0.47%"
"2019-Jan-04","57.06","55.67","58.31","55.34","321.11K","1.98%"
"2019-Jan-03","55.95","54.29","56.30","53.93","278.36K","1.89%"
"2019-Jan-02","54.91","54.12","56.56","52.51","300.95K","2.06%"
"2018-Dec-31","53.80","53.00","54.82","52.66","109.11K","3.07%"
"2018-Dec-28","52.20","53.44","53.80","51.60","17.11K","0.08%"
"2018-Dec-27","52.16","54.65","54.67","51.94","102.59K","-4.24%"
"2018-Dec-26","54.47","50.84","55.29","49.93","77.00K","7.93%"
"2018-Dec-24","50.47","53.49","54.66","50.36","76.22K","-6.22%"
"2018-Dec-21","53.82","54.97","55.33","52.79","226.34K","-0.98%"
"2018-Dec-20","54.35","56.49","56.75","54.28","299.45K","-5.05%"
"2018-Dec-19","57.24","56.51","58.11","56.04","319.37K","1.74%"
"2018-Dec-18","56.26","59.00","59.24","55.89","398.56K","-5.62%"
"2018-Dec-17","59.61","60.25","61.21","58.64","246.03K","-1.11%"
"2018-Dec-14","60.28","61.53","61.58","59.92","206.56K","-1.90%"
"2018-Dec-13","61.45","60.29","62.02","59.33","252.40K","2.16%"
"2018-Dec-12","60.15","60.67","61.43","59.98","246.92K","-0.08%"
"2018-Dec-11","60.20","59.91","61.10","59.58","235.33K","0.38%"
"2018-Dec-10","59.97","61.34","62.33","59.61","264.95K","-2.76%"
"2018-Dec-07","61.67","60.25","63.73","59.10","423.08K","2.68%"
"2018-Dec-06","60.06","61.36","61.97","58.36","399.99K","-2.44%"
"2018-Dec-05","61.56","61.35","63.29","60.80","256.24K","-0.84%"
"2018-Dec-04","62.08","61.90","63.58","61.24","277.42K","0.63%"
"2018-Dec-03","61.69","59.98","62.60","59.85","294.77K","5.08%"
"2018-Nov-30","58.71","59.28","59.93","58.25","27.02K","-1.34%"
"2018-Nov-29","59.51","59.12","60.37","57.50","94.57K","1.28%"
"2018-Nov-28","58.76","60.63","61.27","58.55","150.81K","-2.41%"
"2018-Nov-27","60.21","60.39","61.40","58.92","271.17K","-0.45%"
"2018-Nov-26","60.48","58.98","61.13","58.60","267.38K","2.86%"
"2018-Nov-23","58.80","62.58","62.79","58.41","279.67K","-6.07%"
"2018-Nov-22","62.60","63.60","63.81","62.27","164.11K","-1.39%"
"2018-Nov-21","63.48","62.60","64.48","62.56","334.98K","1.52%"
"2018-Nov-20","62.53","66.90","66.90","61.71","417.01K","-6.38%"
"2018-Nov-19","66.79","66.99","67.64","65.27","262.55K","0.04%"
"2018-Nov-16","66.76","66.68","68.38","66.06","327.72K","0.21%"
"2018-Nov-15","66.62","66.12","67.42","65.77","316.04K","0.76%"
"2018-Nov-14","66.12","65.62","67.63","65.02","379.72K","0.99%"
"2018-Nov-13","65.47","69.13","69.68","64.61","445.04K","-6.63%"
"2018-Nov-12","70.12","70.69","71.88","68.87","319.23K","-0.09%"
"2018-Nov-09","70.18","70.87","70.99","69.13","292.21K","-0.67%"
"2018-Nov-08","70.65","72.10","73.08","70.56","350.47K","-1.97%"
"2018-Nov-07","72.07","71.66","73.55","71.36","361.36K","-0.08%"
"2018-Nov-06","72.13","72.85","73.28","71.18","290.88K","-1.42%"
"2018-Nov-05","73.17","72.85","74.13","72.26","231.14K","0.47%"
"2018-Nov-02","72.83","72.75","73.50","72.16","312.87K","-0.08%"
"2018-Nov-01","72.89","74.69","74.99","72.56","360.16K","-3.42%"
"2018-Oct-31","75.47","76.28","76.92","75.42","34.70K","-0.58%"
"2018-Oct-30","75.91","76.82","77.32","75.09","115.19K","-1.85%"
"2018-Oct-29","77.34","77.64","78.03","76.55","117.94K","-0.36%"
"2018-Oct-26","77.62","76.60","77.91","75.77","229.75K","0.95%"
"2018-Oct-25","76.89","75.67","77.08","75.35","215.24K","0.95%"
"2018-Oct-24","76.17","76.35","77.57","75.11","366.65K","-0.35%"
"2018-Oct-23","76.44","80.04","80.12","75.88","513.72K","-4.25%"
"2018-Oct-22","79.83","80.11","80.41","78.99","269.91K","0.06%"
"2018-Oct-19","79.78","79.44","80.88","79.22","291.07K","0.62%"
"2018-Oct-18","79.29","80.23","80.31","78.69","359.01K","-0.95%"
"2018-Oct-17","80.05","81.74","81.85","79.17","336.60K","-1.67%"
"2018-Oct-16","81.41","80.88","81.75","79.80","329.33K","0.78%"
"2018-Oct-15","80.78","81.00","81.92","79.85","284.65K","0.44%"
"2018-Oct-12","80.43","80.28","81.48","79.23","373.09K","0.21%"
"2018-Oct-11","80.26","82.47","82.63","79.80","482.51K","-3.41%"
"2018-Oct-10","83.09","84.98","85.17","82.26","319.09K","-2.25%"
"2018-Oct-09","85.00","83.91","85.45","83.73","351.40K","1.30%"
"2018-Oct-08","83.91","84.17","84.31","82.66","290.09K","-0.30%"
"2018-Oct-05","84.16","84.89","85.12","83.92","300.62K","-0.50%"
"2018-Oct-04","84.58","85.99","86.43","84.14","361.25K","-1.98%"
"2018-Oct-03","86.29","84.79","86.74","84.01","345.22K","1.76%"
"2018-Oct-02","84.80","84.95","85.38","84.31","268.61K","-0.21%"
"2018-Oct-01","84.98","82.79","85.45","82.55","347.53K","2.73%"
"2018-Sep-28","82.72","81.63","82.87","81.60","19.68K","1.22%"
"2018-Sep-27","81.72","81.80","82.44","81.32","124.00K","0.47%"
"2018-Sep-26","81.34","81.45","82.22","81.10","130.53K","-0.65%"
"2018-Sep-25","81.87","81.35","82.55","81.17","240.40K","0.83%"
"2018-Sep-24","81.20","78.97","81.48","78.97","243.31K","3.05%"
"2018-Sep-21","78.80","78.67","80.12","78.23","297.57K","0.13%"
"2018-Sep-20","78.70","79.44","79.83","78.51","300.16K","-0.88%"
"2018-Sep-19","79.40","78.97","79.50","78.51","275.87K","0.47%"
"2018-Sep-18","79.03","77.78","79.73","77.46","259.18K","1.26%"
"2018-Sep-17","78.05","78.07","78.90","77.73","207.61K","-0.05%"
"2018-Sep-14","78.09","78.45","78.94","77.37","261.06K","-0.12%"
"2018-Sep-13","78.18","79.60","79.71","77.87","298.14K","-1.96%"
"2018-Sep-12","79.74","79.42","80.13","78.75","315.27K","0.86%"
"2018-Sep-11","79.06","77.38","79.54","77.36","280.31K","2.18%"
"2018-Sep-10","77.37","77.08","77.92","76.90","244.53K","0.70%"
"2018-Sep-07","76.83","76.69","77.10","75.88","209.00K","0.43%"
"2018-Sep-06","76.50","77.02","77.77","75.64","274.79K","-1.00%"
"2018-Sep-05","77.27","77.82","78.09","76.91","277.12K","-1.15%"
"2018-Sep-04","78.17","78.19","79.72","77.44","320.45K","0.03%"
"2018-Sep-03","78.15","77.69","78.44","77.30","110.91K","0.94%"
"2018-Aug-31","77.42","77.53","77.79","77.00","25.83K","-0.45%"
"2018-Aug-30","77.77","77.33","78.03","77.18","90.22K","0.82%"
"2018-Aug-29","77.14","75.99","77.42","75.67","130.44K","1.57%"
"2018-Aug-28","75.95","76.34","76.97","75.73","179.66K","-0.34%"
"2018-Aug-27","76.21","75.54","76.34","75.39","101.08K","0.51%"
"2018-Aug-24","75.82","74.73","76.42","74.68","235.09K","1.46%"
"2018-Aug-23","74.73","74.72","74.87","74.21","199.66K","-0.07%"
"2018-Aug-22","74.78","72.76","75.00","72.70","300.69K","2.96%"
"2018-Aug-21","72.63","72.15","72.95","72.05","201.24K","0.58%"
"2018-Aug-20","72.21","71.77","72.75","71.42","249.10K","0.53%"
"2018-Aug-17","71.83","71.35","72.49","71.25","217.16K","0.56%"
"2018-Aug-16","71.43","70.65","71.52","70.40","227.20K","0.95%"
"2018-Aug-15","70.76","72.22","72.44","70.30","298.11K","-2.35%"
"2018-Aug-14","72.46","72.82","73.93","72.16","242.75K","-0.21%"
"2018-Aug-13","72.61","73.00","73.09","71.04","220.34K","-0.27%"
"2018-Aug-10","72.81","71.97","73.14","71.40","228.74K","1.03%"
"2018-Aug-09","72.07","72.16","72.89","71.86","197.06K","-0.29%"
"2018-Aug-08","72.28","74.64","74.87","71.65","269.51K","-3.17%"
"2018-Aug-07","74.65","73.61","74.90","73.57","228.99K","1.22%"
"2018-Aug-06","73.75","73.21","74.47","73.08","200.58K","0.74%"
"2018-Aug-03","73.21","73.37","73.73","72.48","175.36K","-0.33%"
"2018-Aug-02","73.45","72.42","73.75","71.84","226.45K","1.46%"
"2018-Aug-01","72.39","74.07","74.12","72.13","284.02K","-2.51%"
"2018-Jul-31","74.25","74.93","75.10","74.14","21.88K","-0.96%"
"2018-Jul-30","74.97","74.31","75.27","74.14","81.03K","0.92%"
"2018-Jul-27","74.29","74.50","74.85","73.83","119.34K","-0.34%"
"2018-Jul-26","74.54","74.37","74.83","73.77","183.35K","0.83%"
"2018-Jul-25","73.93","73.70","74.60","73.07","210.87K","0.67%"
"2018-Jul-24","73.44","72.91","74.00","72.68","215.15K","0.52%"
"2018-Jul-23","73.06","73.22","74.50","72.52","316.98K","-0.01%"
"2018-Jul-20","73.07","72.65","73.47","72.26","231.51K","0.68%"
"2018-Jul-19","72.58","73.06","73.79","71.83","313.81K","-0.44%"
"2018-Jul-18","72.90","71.74","73.28","71.19","287.11K","1.03%"
"2018-Jul-17","72.16","72.01","72.78","71.35","286.44K","0.45%"
"2018-Jul-16","71.84","74.92","75.37","71.52","330.00K","-4.63%"
"2018-Jul-13","75.33","74.34","75.93","73.22","302.43K","1.18%"
"2018-Jul-12","74.45","74.17","75.10","72.67","416.41K","1.43%"
"2018-Jul-11","73.40","78.78","78.83","73.04","560.84K","-6.92%"
"2018-Jul-10","78.86","78.25","79.51","78.15","261.55K","1.01%"
"2018-Jul-09","78.07","77.21","78.31","77.04","212.19K","1.24%"
"2018-Jul-06","77.11","77.57","77.68","76.36","315.28K","-0.36%"
"2018-Jul-05","77.39","78.14","78.50","77.30","254.02K","-1.09%"
"2018-Jul-04","78.24","77.89","78.28","77.61","97.25K","0.62%"
"2018-Jul-03","77.76","77.40","78.55","76.67","273.46K","0.60%"
"2018-Jul-02","77.30","78.55","78.95","77.16","265.38K","-2.69%"
"2018-Jun-29","79.44","77.79","79.70","77.45","17.12K","2.04%"
"2018-Jun-28","77.85","77.50","78.42","77.09","144.22K","0.30%"
"2018-Jun-27","77.62","76.54","78.16","76.28","166.19K","1.72%"
"2018-Jun-26","76.31","74.74","76.72","74.13","289.47K","2.11%"
"2018-Jun-25","74.73","74.80","75.13","73.74","274.38K","-1.09%"
"2018-Jun-22","75.55","73.24","75.83","73.24","377.39K","3.42%"
"2018-Jun-21","73.05","74.46","74.69","72.93","411.81K","-2.26%"
"2018-Jun-20","74.74","75.20","75.86","74.10","368.84K","-0.45%"
"2018-Jun-19","75.08","75.24","75.55","74.45","290.59K","-0.35%"
"2018-Jun-18","75.34","73.06","75.49","72.45","316.12K","2.59%"
"2018-Jun-15","73.44","75.98","76.06","73.00","285.80K","-3.29%"
"2018-Jun-14","75.94","76.56","76.92","75.76","279.21K","-1.04%"
"2018-Jun-13","76.74","75.40","76.87","75.26","292.47K","1.13%"
"2018-Jun-12","75.88","76.50","77.07","75.43","260.33K","-0.76%"
"2018-Jun-11","76.46","76.30","76.84","75.52","231.28K","0.00%"
"2018-Jun-08","76.46","77.39","77.61","76.12","251.83K","-1.11%"
"2018-Jun-07","77.32","75.88","77.45","75.44","327.98K","2.60%"
"2018-Jun-06","75.36","75.19","76.25","74.46","365.65K","-0.03%"
"2018-Jun-05","75.38","75.40","75.74","73.81","400.85K","0.12%"
"2018-Jun-04","75.29","76.66","76.95","75.20","324.29K","-1.95%"
"2018-Jun-01","76.79","77.71","77.95","76.35","296.57K","-1.03%"
"2018-May-31","77.59","77.37","78.75","77.04","21.44K","0.12%"
"2018-May-30","77.50","75.37","77.73","74.81","125.33K","2.80%"
"2018-May-29","75.39","75.82","76.20","74.54","114.46K","0.12%"
"2018-May-28","75.30","76.11","76.17","74.49","65.10K","-1.49%"
"2018-May-25","76.44","78.82","78.88","76.01","275.72K","-2.98%"
"2018-May-24","78.79","79.65","79.78","78.57","228.58K","-1.27%"
"2018-May-23","79.80","79.47","79.85","78.21","292.97K","0.29%"
"2018-May-22","79.57","79.36","80.49","79.16","305.31K","0.44%"
"2018-May-21","79.22","78.61","79.59","78.10","245.77K","0.90%"
"2018-May-18","78.51","79.46","79.87","78.33","277.28K","-1.00%"
"2018-May-17","79.30","79.26","80.50","79.12","330.17K","0.03%"
"2018-May-16","79.28","78.10","79.35","77.61","336.57K","1.08%"
"2018-May-15","78.43","78.42","79.47","77.90","390.92K","0.26%"
"2018-May-14","78.23","77.05","78.53","76.55","290.13K","1.44%"
"2018-May-11","77.12","77.55","77.60","76.95","261.80K","-0.45%"
"2018-May-10","77.47","77.44","78.00","76.51","314.19K","0.34%"
"2018-May-09","77.21","76.19","77.43","76.08","364.75K","3.15%"
"2018-May-08","74.85","75.60","76.18","73.10","519.80K","-1.73%"
"2018-May-07","76.17","75.00","76.34","74.83","230.47K","1.74%"
"2018-May-04","74.87","73.74","75.08","73.24","289.86K","1.70%"
"2018-May-03","73.62","73.07","74.09","72.47","382.14K","0.35%"
"2018-May-02","73.36","73.28","73.63","72.38","347.06K","0.31%"
"2018-May-01","73.13","74.65","74.98","72.74","360.97K","-2.71%"
"2018-Apr-30","75.17","74.62","75.41","73.47","24.76K","0.71%"
"2018-Apr-27","74.64","74.72","75.03","74.35","156.53K","-0.13%"
"2018-Apr-26","74.74","74.23","74.97","74.11","179.48K","1.00%"
"2018-Apr-25","74.00","74.00","74.19","73.17","275.13K","0.19%"
"2018-Apr-24","73.86","75.09","75.47","73.68","330.60K","-1.14%"
"2018-Apr-23","74.71","73.77","75.10","73.13","317.45K","0.88%"
"2018-Apr-20","74.06","73.94","74.20","72.83","371.90K","0.38%"
"2018-Apr-19","73.78","73.72","74.75","73.46","393.96K","0.41%"
"2018-Apr-18","73.48","71.72","73.93","71.66","352.65K","2.65%"
"2018-Apr-17","71.58","71.65","71.89","70.83","315.04K","0.22%"
"2018-Apr-16","71.42","72.70","72.85","71.11","297.44K","-1.60%"
"2018-Apr-13","72.58","71.94","72.88","71.56","328.50K","0.78%"
"2018-Apr-12","72.02","72.09","72.49","71.10","330.21K","-0.06%"
"2018-Apr-11","72.06","71.03","73.09","70.57","495.41K","1.44%"
"2018-Apr-10","71.04","68.46","71.34","68.46","452.34K","3.48%"
"2018-Apr-09","68.65","67.10","68.80","67.00","257.50K","2.29%"
"2018-Apr-06","67.11","68.09","68.62","66.86","296.09K","-1.79%"
"2018-Apr-05","68.33","68.36","68.93","67.73","270.82K","0.46%"
"2018-Apr-04","68.02","68.15","68.28","66.69","361.48K","-0.15%"
"2018-Apr-03","68.12","67.63","68.46","67.62","232.26K","0.71%"
"2018-Apr-02","67.64","69.32","70.04","67.49","190.05K","-3.74%"
"2018-Mar-29","70.27","69.86","70.44","69.10","25.29K","1.06%"
"2018-Mar-28","69.53","69.72","70.25","68.78","141.89K","-0.83%"
"2018-Mar-27","70.11","70.13","71.03","69.45","131.39K","-0.01%"
"2018-Mar-26","70.12","70.43","71.05","69.67","183.69K","-0.47%"
"2018-Mar-23","70.45","69.11","70.57","68.87","283.01K","2.23%"
"2018-Mar-22","68.91","69.63","69.70","68.58","286.63K","-0.81%"
"2018-Mar-21","69.47","67.61","69.86","67.48","401.05K","3.04%"
"2018-Mar-20","67.42","66.15","67.88","66.15","326.47K","2.07%"
"2018-Mar-19","66.05","66.01","66.39","65.39","272.42K","-0.24%"
"2018-Mar-16","66.21","65.07","66.42","64.88","264.21K","1.67%"
"2018-Mar-15","65.12","64.90","65.38","64.61","208.59K","0.35%"
"2018-Mar-14","64.89","64.73","65.21","64.06","267.59K","0.39%"
"2018-Mar-13","64.64","64.92","65.68","64.05","320.57K","-0.48%"
"2018-Mar-12","64.95","65.50","65.86","64.18","240.03K","-0.82%"
"2018-Mar-09","65.49","63.93","65.63","63.69","286.49K","2.96%"
"2018-Mar-08","63.61","64.51","64.56","63.43","294.79K","-1.13%"
"2018-Mar-07","64.34","65.23","65.80","63.83","332.91K","-2.20%"
"2018-Mar-06","65.79","65.74","66.16","65.30","199.79K","0.38%"
"2018-Mar-05","65.54","64.65","65.88","64.10","261.06K","1.82%"
"2018-Mar-02","64.37","64.07","64.64","63.20","266.38K","0.85%"
"2018-Mar-01","63.83","64.57","65.04","63.19","340.97K","-2.96%"
"2018-Feb-28","65.78","66.41","66.87","65.43","27.39K","-1.28%"
"2018-Feb-27","66.63","67.57","67.61","66.32","106.34K","-1.29%"
"2018-Feb-26","67.50","67.29","67.90","66.72","188.30K","0.28%"
"2018-Feb-23","67.31","66.30","67.37","65.79","201.72K","1.39%"
"2018-Feb-22","66.39","64.91","66.56","64.62","253.00K","1.48%"
"2018-Feb-21","65.42","65.05","65.53","64.40","245.87K","0.26%"
"2018-Feb-20","65.25","65.64","65.81","64.78","289.17K","-0.64%"
"2018-Feb-19","65.67","64.96","65.90","64.84","125.63K","1.28%"
"2018-Feb-16","64.84","64.66","65.22","64.19","239.58K","0.79%"
"2018-Feb-15","64.33","64.44","65.15","63.12","292.91K","-0.05%"
"2018-Feb-14","64.36","62.84","64.58","61.95","349.10K","2.61%"
"2018-Feb-13","62.72","62.85","63.10","61.76","367.26K","0.21%"
"2018-Feb-12","62.59","62.50","64.40","62.50","349.67K","-0.32%"
"2018-Feb-09","62.79","64.44","64.64","61.77","399.50K","-3.12%"
"2018-Feb-08","64.81","65.28","65.60","64.10","346.32K","-1.07%"
"2018-Feb-07","65.51","67.20","67.72","65.16","567.76K","-2.02%"
"2018-Feb-06","66.86","67.02","67.60","66.53","328.85K","-1.12%"
"2018-Feb-05","67.62","68.15","68.46","66.90","335.64K","-1.40%"
"2018-Feb-02","68.58","70.00","70.02","67.96","307.13K","-1.54%"
"2018-Feb-01","69.65","69.00","69.97","68.81","336.92K","0.87%"
"2018-Jan-31","69.05","68.43","69.15","68.33","20.43K","0.04%"
"2018-Jan-30","69.02","69.30","69.39","68.40","135.87K","-0.63%"
"2018-Jan-29","69.46","70.47","70.64","69.07","202.24K","-1.50%"
"2018-Jan-26","70.52","70.07","70.83","70.05","227.60K","0.14%"
"2018-Jan-25","70.42","70.95","71.28","69.97","301.93K","-0.16%"
"2018-Jan-24","70.53","69.97","70.94","69.54","308.37K","0.81%"
"2018-Jan-23","69.96","69.17","70.24","69.12","343.73K","1.35%"
"2018-Jan-22","69.03","68.80","69.51","68.39","250.60K","0.61%"
"2018-Jan-19","68.61","69.01","69.08","68.28","278.36K","-1.01%"
"2018-Jan-18","69.31","69.53","69.63","68.80","270.23K","-0.10%"
"2018-Jan-17","69.38","69.35","69.59","68.55","280.42K","0.33%"
"2018-Jan-16","69.15","70.05","70.13","68.83","322.95K","-1.58%"
"2018-Jan-15","70.26","69.88","70.37","69.55","173.46K","0.56%"
"2018-Jan-12","69.87","69.15","69.93","68.59","302.10K","0.88%"
"2018-Jan-11","69.26","69.15","70.05","69.00","341.94K","0.09%"
"2018-Jan-10","69.20","69.12","69.37","68.75","290.54K","0.55%"
"2018-Jan-09","68.82","68.00","69.29","67.70","319.92K","1.53%"
"2018-Jan-08","67.78","67.80","67.99","67.44","210.35K","0.24%"
"2018-Jan-05","67.62","67.97","68.11","67.26","183.45K","-0.66%"
"2018-Jan-04","68.07","67.89","68.27","67.62","246.15K","0.34%"
"2018-Jan-03","67.84","66.54","68.03","66.40","260.86K","1.91%"
"2018-Jan-02","66.57","66.55","67.29","66.24","211.74K","-0.45%"
"2017-Dec-29","66.87","66.15","66.98","66.15","157.95K","0.22%"
"2017-Dec-28","66.72","66.43","66.85","66.23","35.09K","0.42%"
"2017-Dec-27","66.44","66.76","66.94","66.03","122.43K","-0.87%"
"2017-Dec-26","67.02","65.20","67.10","65.00","74.25K","2.71%"
"2017-Dec-22","65.25","64.63","65.28","64.38","110.42K","0.54%"
"2017-Dec-21","64.90","64.49","64.93","64.20","155.42K","0.53%"
"2017-Dec-20","64.56","63.83","64.60","63.67","222.73K","1.19%"
"2017-Dec-19","63.80","63.41","63.91","63.30","213.19K","0.62%"
"2017-Dec-18","63.41","63.36","63.91","63.00","234.62K","0.28%"
"2017-Dec-15","63.23","63.39","63.68","63.08","213.00K","-0.13%"
"2017-Dec-14","63.31","62.81","63.50","62.01","277.67K","1.39%"
"2017-Dec-13","62.44","63.80","64.32","62.36","354.37K","-1.42%"
"2017-Dec-12","63.34","64.66","65.83","63.07","508.99K","-2.09%"
"2017-Dec-11","64.69","63.29","64.93","62.99","488.01K","2.03%"
"2017-Dec-08","63.40","62.08","63.64","62.01","362.43K","1.93%"
"2017-Dec-07","62.20","61.30","62.26","61.15","238.96K","1.60%"
"2017-Dec-06","61.22","62.64","62.93","61.13","314.26K","-2.61%"
"2017-Dec-05","62.86","62.45","63.15","62.12","219.34K","0.66%"
"2017-Dec-04","62.45","63.50","63.68","62.31","250.52K","-2.01%"
"2017-Dec-01","63.73","62.74","64.32","62.59","308.15K","0.25%"
"2017-Nov-30","63.57","63.28","64.21","63.21","26.21K","0.73%"
"2017-Nov-29","63.11","63.30","64.07","62.50","178.20K","-0.79%"
"2017-Nov-28","63.61","63.78","63.89","63.10","186.93K","-0.36%"
"2017-Nov-27","63.84","63.80","63.99","63.10","249.09K","-0.03%"
"2017-Nov-24","63.86","63.35","63.95","63.28","152.70K","0.49%"
"2017-Nov-23","63.55","63.24","63.57","62.88","113.08K","0.36%"
"2017-Nov-22","63.32","62.78","63.43","62.62","322.87K","1.20%"
"2017-Nov-21","62.57","62.10","62.87","62.07","338.16K","0.56%"
"2017-Nov-20","62.22","62.80","62.80","61.44","283.48K","-0.80%"
"2017-Nov-17","62.72","61.41","62.92","61.08","356.74K","2.22%"
"2017-Nov-16","61.36","61.88","62.15","61.25","314.06K","-0.82%"
"2017-Nov-15","61.87","61.55","62.13","61.30","279.41K","-0.55%"
"2017-Nov-14","62.21","63.06","63.17","61.21","418.94K","-1.50%"
"2017-Nov-13","63.16","63.68","63.77","62.61","335.15K","-0.57%"
"2017-Nov-10","63.52","63.80","64.27","63.35","307.97K","-0.64%"
"2017-Nov-09","63.93","63.52","64.25","63.26","319.86K","0.69%"
"2017-Nov-08","63.49","63.69","64.64","62.95","418.07K","-0.31%"
"2017-Nov-07","63.69","64.12","64.65","63.50","389.46K","-0.90%"
"2017-Nov-06","64.27","62.27","64.44","62.08","356.99K","3.54%"
"2017-Nov-03","62.07","60.88","62.23","60.60","272.74K","2.39%"
"2017-Nov-02","60.62","60.50","60.86","60.02","289.30K","0.21%"
"2017-Nov-01","60.49","61.07","61.70","60.00","337.76K","-1.43%"
"2017-Oct-31","61.37","60.86","61.41","60.53","29.12K","0.77%"
"2017-Oct-30","60.90","60.66","61.00","60.14","168.54K","0.76%"
"2017-Oct-27","60.44","59.37","60.65","58.82","209.89K","1.92%"
"2017-Oct-26","59.30","58.42","59.55","58.05","232.28K","1.47%"
"2017-Oct-25","58.44","58.44","58.74","57.85","260.55K","0.19%"
"2017-Oct-24","58.33","57.41","58.57","57.04","334.68K","1.67%"
"2017-Oct-23","57.37","57.95","58.05","57.27","353.07K","-0.66%"
"2017-Oct-20","57.75","57.32","57.94","56.60","369.89K","0.91%"
"2017-Oct-19","57.23","58.24","58.30","57.02","430.67K","-1.58%"
"2017-Oct-18","58.15","58.16","58.54","57.74","329.33K","0.47%"
"2017-Oct-17","57.88","57.78","58.35","57.18","405.22K","0.10%"
"2017-Oct-16","57.82","57.28","58.47","57.12","341.78K","1.14%"
"2017-Oct-13","57.17","56.44","57.57","56.34","332.60K","1.64%"
"2017-Oct-12","56.25","56.74","56.83","55.88","339.53K","-1.21%"
"2017-Oct-11","56.94","56.56","57.09","56.51","85.99K","0.58%"
"2017-Oct-10","56.61","55.78","56.91","55.73","290.34K","1.47%"
"2017-Oct-09","55.79","55.50","55.98","55.06","301.15K","0.31%"
"2017-Oct-06","55.62","56.99","57.28","55.13","395.65K","-2.42%"
"2017-Oct-05","57.00","55.77","57.24","55.70","379.30K","2.15%"
"2017-Oct-04","55.80","55.67","56.20","55.38","330.85K","-0.36%"
"2017-Oct-03","56.00","56.10","56.40","55.70","275.42K","-0.21%"
"2017-Oct-02","56.12","56.73","56.76","55.50","352.05K","-2.47%"
"2017-Sep-29","57.54","57.60","57.80","57.14","24.02K","0.23%"
"2017-Sep-28","57.41","57.70","58.65","56.85","117.89K","-0.85%"
"2017-Sep-27","57.90","58.57","58.89","57.57","142.87K","-0.92%"
"2017-Sep-26","58.44","59.05","59.49","57.77","214.73K","-0.98%"
"2017-Sep-25","59.02","56.87","59.25","56.70","224.94K","3.80%"
"2017-Sep-22","56.86","56.50","56.91","56.22","208.36K","0.76%"
"2017-Sep-21","56.43","56.17","56.53","55.76","251.62K","0.25%"
"2017-Sep-20","56.29","55.35","56.48","55.26","295.65K","2.09%"
"2017-Sep-19","55.14","55.48","55.89","54.89","221.76K","-0.61%"
"2017-Sep-18","55.48","55.59","55.95","54.82","278.12K","-0.25%"
"2017-Sep-15","55.62","55.29","55.85","54.86","271.07K","0.27%"
"2017-Sep-14","55.47","55.02","55.99","54.93","327.35K","0.56%"
"2017-Sep-13","55.16","54.18","55.21","54.03","291.47K","1.64%"
"2017-Sep-12","54.27","53.77","54.44","53.42","279.34K","0.80%"
"2017-Sep-11","53.84","53.82","54.14","53.04","276.43K","0.11%"
"2017-Sep-08","53.78","54.54","54.87","53.57","307.45K","-1.30%"
"2017-Sep-07","54.49","54.13","54.67","53.89","306.72K","0.54%"
"2017-Sep-06","54.20","53.16","54.31","53.09","322.60K","1.54%"
"2017-Sep-05","53.38","52.30","53.66","52.09","300.78K","1.99%"
"2017-Sep-04","52.34","52.85","52.85","51.99","121.54K","-0.78%"
"2017-Sep-01","52.75","52.84","52.95","52.24","262.20K","0.71%"
"2017-Aug-31","52.38","50.58","52.43","50.56","33.50K","2.99%"
"2017-Aug-30","50.86","51.97","52.01","50.58","152.59K","-2.19%"
"2017-Aug-29","52.00","52.04","52.19","51.36","139.97K","0.21%"
"2017-Aug-28","51.89","52.38","52.84","51.52","141.58K","-0.99%"
"2017-Aug-25","52.41","52.30","52.68","51.93","218.09K","0.71%"
"2017-Aug-24","52.04","52.55","52.71","51.61","255.76K","-1.01%"
"2017-Aug-23","52.57","51.68","52.63","51.45","287.20K","1.35%"
"2017-Aug-22","51.87","51.78","52.28","51.39","313.92K","0.41%"
"2017-Aug-21","51.66","53.00","53.00","51.30","271.57K","-2.01%"
"2017-Aug-18","52.72","50.89","52.96","50.78","317.44K","3.31%"
"2017-Aug-17","51.03","50.40","51.12","50.00","334.30K","1.51%"
"2017-Aug-16","50.27","50.98","51.40","50.15","305.55K","-1.04%"
"2017-Aug-15","50.80","50.65","51.15","50.02","334.16K","0.14%"
"2017-Aug-14","50.73","52.02","52.38","50.55","281.57K","-2.63%"
"2017-Aug-11","52.10","51.94","52.28","51.30","245.31K","0.39%"
"2017-Aug-10","51.90","52.72","53.64","51.67","450.28K","-1.52%"
"2017-Aug-09","52.70","51.99","52.85","51.81","265.61K","1.07%"
"2017-Aug-08","52.14","52.24","52.73","51.82","235.16K","-0.44%"
"2017-Aug-07","52.37","52.39","52.53","51.37","260.94K","-0.10%"
"2017-Aug-04","52.42","51.97","52.52","51.43","278.78K","0.79%"
"2017-Aug-03","52.01","52.24","52.89","51.77","402.66K","-0.67%"
"2017-Aug-02","52.36","51.38","52.43","51.18","406.42K","1.12%"
"2017-Aug-01","51.78","52.70","52.93","50.88","392.64K","-1.65%"
"2017-Jul-31","52.65","52.60","52.92","52.20","25.54K","0.25%"
"2017-Jul-28","52.52","51.60","52.70","51.31","159.15K","2.00%"
"2017-Jul-27","51.49","50.86","51.64","50.50","184.43K","1.02%"
"2017-Jul-26","50.97","50.63","51.06","50.07","258.95K","1.53%"
"2017-Jul-25","50.20","48.64","50.91","48.63","284.29K","3.29%"
"2017-Jul-24","48.60","47.96","48.77","47.68","287.93K","1.12%"
"2017-Jul-21","48.06","49.33","49.65","47.81","338.35K","-2.52%"
"2017-Jul-20","49.30","49.65","50.19","49.19","315.34K","-0.80%"
"2017-Jul-19","49.70","48.70","49.81","48.58","300.37K","1.76%"
"2017-Jul-18","48.84","48.40","49.41","48.24","251.50K","0.87%"
"2017-Jul-17","48.42","49.14","49.26","48.31","227.42K","-1.00%"
"2017-Jul-14","48.91","48.37","49.11","48.15","295.66K","1.01%"
"2017-Jul-13","48.42","47.70","48.53","47.18","262.63K","1.42%"
"2017-Jul-12","47.74","48.21","48.79","47.35","333.70K","0.46%"
"2017-Jul-11","47.52","46.99","48.21","46.29","283.39K","1.37%"
"2017-Jul-10","46.88","46.84","47.38","46.11","268.90K","0.36%"
"2017-Jul-07","46.71","47.76","47.76","46.28","302.32K","-2.91%"
"2017-Jul-06","48.11","48.28","49.18","47.77","308.26K","0.67%"
"2017-Jul-05","47.79","49.67","49.84","47.00","372.98K","-3.67%"
"2017-Jul-04","49.61","49.63","49.90","49.29","129.57K","-0.14%"
"2017-Jul-03","49.68","48.95","49.71","48.54","244.52K","3.67%"
"2017-Jun-30","47.92","47.46","48.12","47.46","26.18K","1.05%"
"2017-Jun-29","47.42","47.39","48.03","47.14","179.56K","0.23%"
"2017-Jun-28","47.31","46.25","47.47","46.25","162.58K","1.41%"
"2017-Jun-27","46.65","45.85","47.06","45.79","263.26K","1.79%"
"2017-Jun-26","45.83","45.63","46.24","45.04","203.22K","0.64%"
"2017-Jun-23","45.54","45.28","45.75","45.03","252.26K","0.71%"
"2017-Jun-22","45.22","44.81","45.79","44.53","346.76K","0.89%"
"2017-Jun-21","44.82","45.89","46.63","44.35","389.71K","-2.61%"
"2017-Jun-20","46.02","46.96","47.23","45.42","343.46K","-1.90%"
"2017-Jun-19","46.91","47.21","47.76","46.77","261.49K","-0.97%"
"2017-Jun-16","47.37","46.82","47.61","46.81","227.42K","0.96%"
"2017-Jun-15","46.92","46.80","47.20","46.70","301.40K","-0.17%"
"2017-Jun-14","47.00","48.18","48.69","46.74","464.42K","-3.53%"
"2017-Jun-13","48.72","48.32","48.82","47.87","321.28K","0.89%"
"2017-Jun-12","48.29","48.06","49.15","48.01","316.56K","0.29%"
"2017-Jun-09","48.15","47.79","48.56","47.40","285.82K","0.61%"
"2017-Jun-08","47.86","48.26","48.60","47.56","445.97K","-0.42%"
"2017-Jun-07","48.06","49.97","50.14","47.96","461.75K","-4.11%"
"2017-Jun-06","50.12","49.57","50.30","49.00","329.71K","1.31%"
"2017-Jun-05","49.47","49.87","50.74","49.04","348.41K","-0.96%"
"2017-Jun-02","49.95","50.23","50.52","48.95","451.46K","-1.34%"
"2017-Jun-01","50.63","51.17","51.45","50.23","462.92K","0.64%"
"2017-May-31","50.31","51.92","51.92","49.81","41.68K","-2.95%"
"2017-May-30","51.84","52.25","52.35","51.19","137.21K","-0.86%"
"2017-May-29","52.29","52.24","52.61","51.86","36.59K","0.27%"
"2017-May-26","52.15","51.38","52.30","50.71","265.83K","1.34%"
"2017-May-25","51.46","54.15","54.67","51.03","464.50K","-4.63%"
"2017-May-24","53.96","54.14","54.62","53.66","351.64K","-0.35%"
"2017-May-23","54.15","53.87","54.43","53.20","328.33K","0.52%"
"2017-May-22","53.87","53.85","54.37","53.66","379.12K","0.48%"
"2017-May-19","53.61","52.57","53.82","52.55","333.27K","2.09%"
"2017-May-18","52.51","52.19","52.74","51.11","363.69K","0.57%"
"2017-May-17","52.21","51.20","52.61","51.04","331.36K","1.08%"
"2017-May-16","51.65","51.88","52.36","51.10","340.96K","-0.33%"
"2017-May-15","51.82","50.89","52.63","50.74","331.42K","1.93%"
"2017-May-12","50.84","50.76","51.09","50.33","304.76K","0.14%"
"2017-May-11","50.77","50.28","51.16","50.25","315.59K","1.10%"
"2017-May-10","50.22","48.95","50.63","48.81","368.11K","3.06%"
"2017-May-09","48.73","49.44","49.72","48.39","332.91K","-1.24%"
"2017-May-08","49.34","49.27","49.92","48.48","400.72K","0.49%"
"2017-May-05","49.10","48.45","49.63","46.64","530.44K","1.49%"
"2017-May-04","48.38","50.59","50.73","48.16","541.58K","-4.75%"
"2017-May-03","50.79","50.99","51.14","50.20","357.19K","0.65%"
"2017-May-02","50.46","51.39","52.16","50.14","364.06K","-2.06%"
"2017-May-01","51.52","51.88","51.97","51.22","121.53K","-0.41%"
"2017-Apr-28","51.73","51.58","52.12","51.31","23.20K","0.56%"
"2017-Apr-27","51.44","51.57","51.76","50.45","187.13K","-0.73%"
"2017-Apr-26","51.82","51.81","52.46","51.38","206.56K","-0.54%"
"2017-Apr-25","52.10","51.60","52.39","51.30","272.76K","0.97%"
"2017-Apr-24","51.60","52.11","52.57","51.42","267.28K","-0.69%"
"2017-Apr-21","51.96","53.00","53.29","51.57","348.48K","-1.94%"
"2017-Apr-20","52.99","53.09","53.55","52.68","401.85K","0.11%"
"2017-Apr-19","52.93","54.78","55.20","52.58","435.41K","-3.57%"
"2017-Apr-18","54.89","55.39","55.48","54.61","373.10K","-0.85%"
"2017-Apr-17","55.36","55.55","55.98","55.29","158.97K","-0.95%"
"2017-Apr-13","55.89","55.66","56.06","55.56","325.31K","0.05%"
"2017-Apr-12","55.86","56.28","56.65","55.50","373.53K","-0.66%"
"2017-Apr-11","56.23","56.08","56.30","55.45","340.42K","0.45%"
"2017-Apr-10","55.98","55.19","56.05","55.19","298.90K","1.34%"
"2017-Apr-07","55.24","54.88","56.08","54.57","317.78K","0.64%"
"2017-Apr-06","54.89","54.13","55.00","54.02","239.47K","0.97%"
"2017-Apr-05","54.36","54.22","55.09","53.97","353.02K","0.35%"
"2017-Apr-04","54.17","53.18","54.38","52.73","302.11K","1.98%"
"2017-Apr-03","53.12","53.62","53.74","53.03","241.75K","0.55%"
"2017-Mar-31","52.83","52.83","53.45","52.35","27.46K","-0.25%"
"2017-Mar-30","52.96","52.39","53.10","52.03","128.55K","1.03%"
"2017-Mar-29","52.42","51.43","52.48","51.36","140.44K","2.12%"
"2017-Mar-28","51.33","50.77","51.87","50.77","186.41K","1.14%"
"2017-Mar-27","50.75","51.03","51.10","50.03","195.52K","-0.10%"
"2017-Mar-24","50.80","50.64","51.06","50.40","215.34K","0.47%"
"2017-Mar-23","50.56","50.83","51.10","50.25","320.21K","-0.16%"
"2017-Mar-22","50.64","50.86","50.98","49.71","327.91K","-0.63%"
"2017-Mar-21","50.96","51.70","52.22","50.73","291.71K","-1.28%"
"2017-Mar-20","51.62","51.80","51.94","51.01","239.25K","-0.27%"
"2017-Mar-17","51.76","51.74","52.18","51.53","220.35K","0.04%"
"2017-Mar-16","51.74","52.08","52.65","51.50","281.53K","-0.14%"
"2017-Mar-15","51.81","51.50","52.15","51.36","327.90K","1.75%"
"2017-Mar-14","50.92","51.34","51.86","50.25","411.63K","-0.84%"
"2017-Mar-13","51.35","51.49","51.70","50.85","276.76K","-0.04%"
"2017-Mar-10","51.37","52.33","53.02","51.14","351.34K","-1.57%"
"2017-Mar-09","52.19","53.49","53.86","51.50","504.12K","-1.73%"
"2017-Mar-08","53.11","55.63","55.77","52.93","444.13K","-5.03%"
"2017-Mar-07","55.92","55.95","56.65","55.56","269.52K","-0.16%"
"2017-Mar-06","56.01","55.80","56.25","55.32","224.20K","0.20%"
"2017-Mar-03","55.90","55.18","55.95","55.09","248.71K","1.49%"
"2017-Mar-02","55.08","56.31","56.44","55.03","350.12K","-2.27%"
"2017-Mar-01","56.36","56.45","57.05","56.24","261.74K","1.39%"
"2017-Feb-28","55.59","56.02","56.15","55.23","28.35K","-0.61%"
"2017-Feb-27","55.93","55.96","56.77","55.86","139.29K","-0.11%"
"2017-Feb-24","55.99","56.40","56.66","55.74","164.96K","-1.04%"
"2017-Feb-23","56.58","56.20","57.26","56.18","223.59K","1.33%"
"2017-Feb-22","55.84","56.74","57.01","55.64","245.16K","-1.45%"
"2017-Feb-21","56.66","56.17","57.31","56.10","335.44K","0.85%"
"2017-Feb-20","56.18","55.90","56.42","55.70","209.63K","0.66%"
"2017-Feb-17","55.81","55.73","55.88","55.10","270.49K","0.29%"
"2017-Feb-16","55.65","55.74","56.24","55.13","310.84K","-0.18%"
"2017-Feb-15","55.75","55.82","56.25","55.56","272.52K","-0.39%"
"2017-Feb-14","55.97","55.75","56.46","55.53","254.98K","0.68%"
"2017-Feb-13","55.59","56.68","56.81","55.41","234.31K","-1.96%"
"2017-Feb-10","56.70","55.66","56.88","55.59","284.71K","1.92%"
"2017-Feb-09","55.63","55.30","55.92","55.23","263.40K","0.93%"
"2017-Feb-08","55.12","54.50","55.68","54.44","409.83K","0.13%"
"2017-Feb-07","55.05","55.91","55.98","54.58","317.18K","-1.20%"
"2017-Feb-06","55.72","56.85","57.13","55.65","252.70K","-1.92%"
"2017-Feb-03","56.81","56.92","57.30","56.39","264.76K","0.44%"
"2017-Feb-02","56.56","56.53","57.45","56.33","297.35K","-0.42%"
"2017-Feb-01","56.80","55.55","56.83","55.36","301.24K","1.97%"
"2017-Jan-31","55.70","55.25","56.00","54.90","28.80K","0.85%"
"2017-Jan-30","55.23","55.47","55.70","54.97","104.90K","-0.52%"
"2017-Jan-27","55.52","56.09","56.50","54.86","142.07K","-1.28%"
"2017-Jan-26","56.24","55.39","56.55","55.21","265.72K","2.11%"
"2017-Jan-25","55.08","55.24","55.65","54.75","275.73K","-0.65%"
"2017-Jan-24","55.44","55.42","55.87","55.07","254.89K","0.38%"
"2017-Jan-23","55.23","55.70","55.75","54.65","305.85K","-0.47%"
"2017-Jan-20","55.49","54.33","55.80","54.18","293.54K","2.46%"
"2017-Jan-19","54.16","54.29","54.77","53.90","346.87K","0.45%"
"2017-Jan-18","53.92","55.48","55.90","53.77","360.15K","-2.79%"
"2017-Jan-17","55.47","55.74","56.95","55.40","335.73K","-0.70%"
"2017-Jan-16","55.86","55.64","55.92","55.19","112.58K","0.74%"
"2017-Jan-13","55.45","56.00","56.21","55.28","247.09K","-1.00%"
"2017-Jan-12","56.01","55.19","56.43","55.01","331.63K","1.65%"
"2017-Jan-11","55.10","53.80","55.67","53.70","419.90K","2.72%"
"2017-Jan-10","53.64","54.95","55.36","53.58","332.98K","-2.37%"
"2017-Jan-09","54.94","56.81","57.00","54.74","266.39K","-3.78%"
"2017-Jan-06","57.10","56.88","57.47","56.28","234.87K","0.37%"
"2017-Jan-05","56.89","56.35","57.35","56.01","269.61K","0.76%"
"2017-Jan-04","56.46","55.73","56.55","55.33","282.55K","1.78%"
"2017-Jan-03","55.47","57.05","58.37","55.30","340.82K","-2.38%"
"2017-Jan-02","56.82","56.82","56.82","56.82","-","0.00%"