"Date","Price","Open","High","Low","Change %"
"Jan 28, 2022","22.416","22.777","22.855","22.140","-1.42%"
"Jan 27, 2022","22.740","23.495","23.608","22.565","-3.16%"
"Jan 26, 2022","23.482","23.820","23.995","23.435","-1.40%"
"Jan 25, 2022","23.815","23.990","24.045","23.595","-0.58%"
"Jan 24, 2022","23.954","24.280","24.319","23.560","-1.14%"
"Jan 21, 2022","24.230","24.450","24.595","24.170","-0.82%"
"Jan 20, 2022","24.430","24.149","24.755","24.073","1.27%"
"Jan 19, 2022","24.124","23.470","24.245","23.385","2.87%"
"Jan 18, 2022","23.450","23.025","23.655","22.800","1.96%"
"Jan 17, 2022","23.000","22.960","23.135","22.828","0.22%"
"Jan 14, 2022","22.950","23.090","23.345","22.823","-0.53%"
"Jan 13, 2022","23.072","23.130","23.305","22.995","-0.18%"
"Jan 12, 2022","23.112","22.785","23.255","22.640","1.53%"
"Jan 11, 2022","22.763","22.475","22.845","22.445","1.39%"
"Jan 10, 2022","22.451","22.358","22.565","22.190","0.68%"
"Jan 07, 2022","22.300","22.180","22.445","21.949","0.67%"
"Jan 06, 2022","22.152","22.798","22.855","21.995","-2.73%"
"Jan 05, 2022","22.773","23.055","23.275","22.725","-1.11%"
"Jan 04, 2022","23.030","22.895","23.135","22.630","0.74%"
"Jan 03, 2022","22.860","23.325","23.415","22.675","-1.75%"
"Dec 31, 2021","23.268","23.055","23.355","23.025","1.03%"
"Dec 30, 2021","23.032","22.824","23.155","22.595","0.98%"
"Dec 29, 2021","22.807","23.010","23.185","22.585","-0.81%"
"Dec 28, 2021","22.992","23.075","23.465","22.960","-0.21%"
"Dec 27, 2021","23.040","22.855","23.135","22.645","0.44%"
"Dec 24, 2021","22.940","22.905","22.995","22.875","0.22%"
"Dec 23, 2021","22.890","22.798","22.965","22.655","0.52%"
"Dec 22, 2021","22.773","22.520","22.865","22.435","1.26%"
"Dec 21, 2021","22.490","22.260","22.795","22.180","1.16%"
"Dec 20, 2021","22.232","22.410","22.485","22.185","-0.52%"
"Dec 17, 2021","22.347","22.490","22.695","22.360","-0.50%"
"Dec 16, 2021","22.460","22.080","22.545","21.907","1.86%"
"Dec 15, 2021","22.050","21.946","22.135","21.430","0.57%"
"Dec 14, 2021","21.926","22.330","22.375","21.690","-1.72%"
"Dec 13, 2021","22.310","22.180","22.435","22.140","0.67%"
"Dec 10, 2021","22.163","21.955","22.240","21.815","1.07%"
"Dec 09, 2021","21.928","22.410","22.505","21.855","-2.07%"
"Dec 08, 2021","22.393","22.502","22.585","22.305","-0.34%"
"Dec 07, 2021","22.470","22.377","22.615","22.235","0.53%"
"Dec 06, 2021","22.352","22.586","22.614","22.126","-0.70%"
"Dec 03, 2021","22.509","22.390","22.595","22.035","0.60%"
"Dec 02, 2021","22.375","22.310","22.525","22.210","0.31%"
"Dec 01, 2021","22.306","22.820","23.045","22.177","-2.16%"
"Nov 30, 2021","22.798","22.915","23.335","22.690","-0.40%"
"Nov 29, 2021","22.890","23.145","23.485","22.750","-1.04%"
"Nov 26, 2021","23.131","23.600","23.735","22.915","-1.89%"
"Nov 25, 2021","23.575","23.550","23.775","23.513","0.19%"
"Nov 24, 2021","23.529","23.680","23.715","23.393","-0.52%"
"Nov 23, 2021","23.652","24.195","24.355","23.265","-2.13%"
"Nov 22, 2021","24.166","24.635","24.915","24.095","-1.72%"
"Nov 19, 2021","24.588","24.790","25.015","24.550","-0.77%"
"Nov 18, 2021","24.780","25.068","25.185","24.680","-1.08%"
"Nov 17, 2021","25.050","24.830","25.255","24.800","1.01%"
"Nov 16, 2021","24.801","25.065","25.425","24.765","-0.95%"
"Nov 15, 2021","25.039","25.315","25.390","24.905","-0.97%"
"Nov 12, 2021","25.285","25.250","25.405","24.845","0.22%"
"Nov 11, 2021","25.229","24.645","25.285","24.585","2.46%"
"Nov 10, 2021","24.624","24.305","25.135","24.060","1.42%"
"Nov 09, 2021","24.280","24.470","24.520","24.030","-0.65%"
"Nov 08, 2021","24.439","24.180","24.565","24.055","1.11%"
"Nov 05, 2021","24.170","23.796","24.185","23.629","1.68%"
"Nov 04, 2021","23.771","23.518","24.055","23.430","1.17%"
"Nov 03, 2021","23.495","23.539","23.650","23.015","-0.10%"
"Nov 02, 2021","23.519","24.041","24.085","23.375","-2.07%"
"Nov 01, 2021","24.017","23.915","24.115","23.740","0.70%"
"Oct 29, 2021","23.850","24.080","24.092","23.650","-1.04%"
"Oct 28, 2021","24.100","24.062","24.255","23.955","0.24%"
"Oct 27, 2021","24.043","24.160","24.295","23.830","-0.38%"
"Oct 26, 2021","24.134","24.565","24.586","23.870","-1.71%"
"Oct 25, 2021","24.555","24.345","24.635","24.290","1.01%"
"Oct 22, 2021","24.310","24.160","24.855","24.115","0.73%"
"Oct 21, 2021","24.135","24.292","24.490","23.995","-0.55%"
"Oct 20, 2021","24.268","23.666","24.445","23.565","2.61%"
"Oct 19, 2021","23.650","23.190","24.160","23.175","2.09%"
"Oct 18, 2021","23.165","23.328","23.485","23.005","-0.51%"
"Oct 15, 2021","23.284","23.515","23.605","23.065","-1.09%"
"Oct 14, 2021","23.540","23.090","23.625","22.895","2.06%"
"Oct 13, 2021","23.065","22.558","23.265","22.470","2.36%"
"Oct 12, 2021","22.534","22.576","22.785","22.344","-0.10%"
"Oct 11, 2021","22.556","22.681","22.865","22.493","-0.46%"
"Oct 08, 2021","22.660","22.605","23.225","22.425","0.36%"
"Oct 07, 2021","22.580","22.618","22.840","22.375","-0.06%"
"Oct 06, 2021","22.594","22.632","22.735","22.205","-0.29%"
"Oct 05, 2021","22.660","22.684","22.707","22.370","0.00%"
"Oct 04, 2021","22.659","22.570","22.770","22.275","0.62%"
"Oct 01, 2021","22.520","22.167","22.605","21.980","1.44%"
"Sep 30, 2021","22.200","21.538","22.265","21.464","3.02%"
"Sep 29, 2021","21.550","22.456","22.605","21.411","-3.94%"
"Sep 28, 2021","22.433","22.610","22.705","22.095","-0.96%"
"Sep 27, 2021","22.650","22.416","22.875","22.395","1.05%"
"Sep 24, 2021","22.415","22.511","22.825","22.100","-0.32%"
"Sep 23, 2021","22.487","22.694","22.905","22.465","-0.80%"
"Sep 22, 2021","22.670","22.497","23.165","22.460","0.88%"
"Sep 21, 2021","22.472","22.269","22.745","22.230","1.02%"
"Sep 20, 2021","22.245","22.355","22.545","22.034","-0.66%"
"Sep 17, 2021","22.392","22.931","23.165","22.330","-2.34%"
"Sep 16, 2021","22.930","23.844","24.005","22.595","-3.96%"
"Sep 15, 2021","23.875","23.853","23.965","23.655","0.17%"
"Sep 14, 2021","23.833","23.730","24.005","23.445","0.50%"
"Sep 13, 2021","23.715","23.755","23.885","23.380","-0.01%"
"Sep 10, 2021","23.718","24.035","24.335","23.720","-1.46%"
"Sep 09, 2021","24.070","23.948","24.305","23.835","0.46%"
"Sep 08, 2021","23.960","24.323","24.445","23.905","-1.39%"
"Sep 07, 2021","24.298","24.700","24.845","24.155","-1.51%"
"Sep 06, 2021","24.670","24.763","24.845","24.629","-0.08%"
"Sep 03, 2021","24.690","23.906","24.925","23.875","3.39%"
"Sep 02, 2021","23.881","24.150","24.245","23.785","-1.20%"
"Sep 01, 2021","24.170","23.906","24.305","23.749","1.19%"
"Aug 31, 2021","23.885","24.020","24.220","23.803","-0.73%"
"Aug 30, 2021","24.060","24.015","24.255","23.905","0.27%"
"Aug 27, 2021","23.995","23.566","24.145","23.335","1.93%"
"Aug 26, 2021","23.540","23.848","23.905","23.425","-1.34%"
"Aug 25, 2021","23.860","23.860","23.935","23.580","0.10%"
"Aug 24, 2021","23.836","23.633","23.965","23.535","0.74%"
"Aug 23, 2021","23.660","23.026","23.705","22.965","2.82%"
"Aug 20, 2021","23.010","23.254","23.385","22.870","-1.10%"
"Aug 19, 2021","23.265","23.506","23.540","23.094","-0.92%"
"Aug 18, 2021","23.480","23.660","23.855","23.290","-0.65%"
"Aug 17, 2021","23.635","23.843","23.975","23.565","-1.15%"
"Aug 16, 2021","23.910","23.760","23.935","23.425","0.72%"
"Aug 13, 2021","23.740","23.174","23.875","23.160","2.31%"
"Aug 12, 2021","23.205","23.545","23.560","23.010","-1.36%"
"Aug 11, 2021","23.524","23.340","23.635","23.205","0.88%"
"Aug 10, 2021","23.320","23.452","23.695","23.230","-0.47%"
"Aug 09, 2021","23.431","24.320","24.380","22.525","-3.70%"
"Aug 06, 2021","24.333","25.156","25.255","24.190","-3.38%"
"Aug 05, 2021","25.185","25.382","25.555","25.075","-0.67%"
"Aug 04, 2021","25.355","25.524","26.035","25.320","-0.76%"
"Aug 03, 2021","25.550","25.416","25.625","25.240","0.47%"
"Aug 02, 2021","25.430","25.540","25.640","25.297","-0.12%"
"Jul 30, 2021","25.460","25.527","25.695","25.335","-0.27%"
"Jul 29, 2021","25.530","24.952","25.825","24.951","2.26%"
"Jul 28, 2021","24.965","24.695","25.022","24.605","1.15%"
"Jul 27, 2021","24.680","25.189","25.315","24.485","-1.93%"
"Jul 26, 2021","25.165","25.190","25.460","25.120","0.02%"
"Jul 23, 2021","25.160","25.431","25.505","25.000","-1.16%"
"Jul 22, 2021","25.455","25.253","25.485","25.005","0.90%"
"Jul 21, 2021","25.228","24.933","25.335","24.755","1.28%"
"Jul 20, 2021","24.908","25.172","25.335","24.810","-1.18%"
"Jul 19, 2021","25.205","25.679","25.795","24.990","-1.77%"
"Jul 16, 2021","25.660","26.345","26.465","25.595","-2.52%"
"Jul 15, 2021","26.324","26.247","26.415","26.155","0.34%"
"Jul 14, 2021","26.235","25.986","26.495","25.935","0.90%"
"Jul 13, 2021","26.000","26.200","26.375","25.935","-0.88%"
"Jul 12, 2021","26.230","26.098","26.295","25.865","0.58%"
"Jul 09, 2021","26.080","25.931","26.225","25.755","0.67%"
"Jul 08, 2021","25.906","26.146","26.235","25.805","-0.83%"
"Jul 07, 2021","26.121","26.160","26.475","25.980","-0.05%"
"Jul 06, 2021","26.134","26.448","26.780","26.005","-1.21%"
"Jul 05, 2021","26.455","26.497","26.635","26.375","-0.02%"
"Jul 02, 2021","26.460","26.036","26.585","25.975","1.73%"
"Jul 01, 2021","26.010","26.123","26.415","25.935","-0.37%"
"Jun 30, 2021","26.108","25.771","26.160","25.695","1.41%"
"Jun 29, 2021","25.745","26.126","26.155","25.530","-1.34%"
"Jun 28, 2021","26.094","26.120","26.245","25.799","0.07%"
"Jun 25, 2021","26.074","25.954","26.315","25.910","0.55%"
"Jun 24, 2021","25.933","25.887","26.195","25.809","0.27%"
"Jun 23, 2021","25.861","25.774","26.305","25.745","0.44%"
"Jun 22, 2021","25.748","25.959","26.055","25.690","-0.73%"
"Jun 21, 2021","25.938","25.810","26.095","25.550","0.58%"
"Jun 18, 2021","25.790","25.885","26.525","25.745","-0.50%"
"Jun 17, 2021","25.920","26.988","27.261","25.765","-3.87%"
"Jun 16, 2021","26.963","27.662","27.875","26.705","-2.44%"
"Jun 15, 2021","27.637","27.854","27.925","27.388","-0.71%"
"Jun 14, 2021","27.834","27.937","28.035","27.470","-0.20%"
"Jun 11, 2021","27.890","27.990","28.315","27.885","-0.30%"
"Jun 10, 2021","27.975","27.771","28.036","27.465","0.67%"
"Jun 09, 2021","27.790","27.627","28.015","27.520","0.56%"
"Jun 08, 2021","27.635","27.880","28.015","27.500","-0.86%"
"Jun 07, 2021","27.875","27.850","27.975","27.475","0.34%"
"Jun 04, 2021","27.780","27.440","27.885","27.225","1.20%"
"Jun 03, 2021","27.450","28.160","28.255","27.030","-2.66%"
"Jun 02, 2021","28.200","27.885","28.225","27.685","1.08%"
"Jun 01, 2021","27.900","28.062","28.560","27.820","-0.54%"
"May 31, 2021","28.051","27.930","28.175","27.875","0.61%"
"May 28, 2021","27.880","27.875","28.005","27.394","0.07%"
"May 27, 2021","27.860","27.680","27.915","27.495","0.61%"
"May 26, 2021","27.690","27.995","28.255","27.605","-1.04%"
"May 25, 2021","27.980","27.774","28.055","27.464","0.65%"
"May 24, 2021","27.800","27.570","27.925","27.460","1.02%"
"May 21, 2021","27.520","27.764","28.095","27.200","-0.79%"
"May 20, 2021","27.740","27.735","28.015","27.395","-0.04%"
"May 19, 2021","27.750","28.195","28.265","27.365","-1.61%"
"May 18, 2021","28.205","28.190","28.765","28.000","0.12%"
"May 17, 2021","28.170","27.480","28.325","27.346","2.75%"
"May 14, 2021","27.415","27.095","27.515","26.820","1.31%"
"May 13, 2021","27.060","27.020","27.265","26.715","0.11%"
"May 12, 2021","27.030","27.635","27.705","26.945","-2.17%"
"May 11, 2021","27.630","27.334","27.671","27.100","1.17%"
"May 10, 2021","27.310","27.545","27.895","27.230","-0.44%"
"May 07, 2021","27.430","27.300","27.680","27.140","0.49%"
"May 06, 2021","27.295","26.515","27.475","26.174","3.00%"
"May 05, 2021","26.500","26.515","26.645","26.100","-0.11%"
"May 04, 2021","26.530","26.920","27.125","26.095","-1.27%"
"May 03, 2021","26.870","25.925","27.005","25.800","3.75%"
"Apr 30, 2021","25.900","26.110","26.205","25.795","-0.70%"
"Apr 29, 2021","26.084","26.240","26.495","25.710","-0.33%"
"Apr 28, 2021","26.170","26.302","26.335","25.825","-0.27%"
"Apr 27, 2021","26.240","26.216","26.475","26.045","0.11%"
"Apr 26, 2021","26.210","25.990","26.235","25.850","0.85%"
"Apr 23, 2021","25.990","26.170","26.410","25.840","-0.69%"
"Apr 22, 2021","26.170","26.575","26.625","25.975","-1.52%"
"Apr 21, 2021","26.575","25.833","26.695","25.760","2.73%"
"Apr 20, 2021","25.870","25.820","26.100","25.685","0.23%"
"Apr 19, 2021","25.810","25.985","26.255","25.630","-0.56%"
"Apr 16, 2021","25.955","25.850","26.315","25.750","0.37%"
"Apr 15, 2021","25.860","25.425","26.015","25.320","1.77%"
"Apr 14, 2021","25.410","25.355","25.555","25.195","0.32%"
"Apr 13, 2021","25.330","24.800","25.490","24.680","1.95%"
"Apr 12, 2021","24.845","25.250","25.295","24.700","-1.56%"
"Apr 09, 2021","25.240","25.460","25.515","24.980","-0.75%"
"Apr 08, 2021","25.430","25.157","25.625","24.960","1.23%"
"Apr 07, 2021","25.120","25.145","25.285","24.848","-0.20%"
"Apr 06, 2021","25.170","24.875","25.315","24.765","1.08%"
"Apr 05, 2021","24.900","25.000","25.105","24.613","-0.28%"
"Apr 02, 2021","24.970","24.980","25.041","24.952","0.00%"
"Apr 01, 2021","24.970","24.434","24.995","24.240","2.38%"
"Mar 31, 2021","24.390","24.030","24.565","23.780","1.56%"
"Mar 30, 2021","24.015","24.665","24.785","23.845","-2.66%"
"Mar 29, 2021","24.670","25.078","25.106","24.445","-1.50%"
"Mar 26, 2021","25.045","25.075","25.275","24.865","0.10%"
"Mar 25, 2021","25.020","25.090","25.195","24.410","-0.24%"
"Mar 24, 2021","25.080","25.070","25.375","24.975","0.00%"
"Mar 23, 2021","25.080","25.760","25.835","25.005","-2.70%"
"Mar 22, 2021","25.775","26.232","26.239","25.405","-1.79%"
"Mar 19, 2021","26.245","26.070","26.355","25.874","0.75%"
"Mar 18, 2021","26.050","26.310","26.655","25.825","-1.08%"
"Mar 17, 2021","26.335","25.950","26.525","25.760","1.44%"
"Mar 16, 2021","25.960","26.250","26.335","25.825","-1.14%"
"Mar 15, 2021","26.260","25.975","26.415","25.797","1.34%"
"Mar 12, 2021","25.913","26.090","26.180","25.380","-0.63%"
"Mar 11, 2021","26.077","26.205","26.475","25.840","-0.33%"
"Mar 10, 2021","26.164","25.920","26.225","25.540","1.02%"
"Mar 09, 2021","25.900","25.110","26.140","25.035","3.23%"
"Mar 08, 2021","25.090","25.350","25.927","24.950","-0.40%"
"Mar 05, 2021","25.190","25.320","25.465","24.830","-0.46%"
"Mar 04, 2021","25.308","26.125","26.345","25.060","-2.96%"
"Mar 03, 2021","26.080","26.780","26.875","25.835","-2.50%"
"Mar 02, 2021","26.750","26.520","26.925","25.845","0.89%"
"Mar 01, 2021","26.513","26.650","27.105","26.425","-0.40%"
"Feb 26, 2021","26.620","27.420","27.605","26.140","-2.85%"
"Feb 25, 2021","27.400","28.015","28.215","27.278","-2.07%"
"Feb 24, 2021","27.980","27.640","28.005","27.315","1.30%"
"Feb 23, 2021","27.620","28.175","28.336","27.240","-1.91%"
"Feb 22, 2021","28.157","27.385","28.286","27.280","3.47%"
"Feb 19, 2021","27.212","27.025","27.620","26.230","0.73%"
"Feb 18, 2021","27.016","27.390","27.525","26.860","-1.21%"
"Feb 17, 2021","27.347","27.260","27.435","26.850","0.47%"
"Feb 16, 2021","27.220","27.605","27.960","26.836","-1.34%"
"Feb 15, 2021","27.590","27.395","27.715","27.355","0.88%"
"Feb 12, 2021","27.350","26.980","27.440","26.848","1.49%"
"Feb 11, 2021","26.947","27.005","27.292","26.695","-0.17%"
"Feb 10, 2021","26.993","27.245","27.535","26.833","-0.76%"
"Feb 09, 2021","27.200","27.260","27.825","27.065","-0.19%"
"Feb 08, 2021","27.252","26.980","27.585","26.840","1.58%"
"Feb 05, 2021","26.828","26.300","27.055","26.195","2.04%"
"Feb 04, 2021","26.292","26.870","26.950","25.895","-2.13%"
"Feb 03, 2021","26.864","26.615","27.205","26.475","0.95%"
"Feb 02, 2021","26.612","29.000","29.090","26.280","-8.14%"
"Feb 01, 2021","28.970","28.295","30.075","27.960","7.29%"
"Jan 29, 2021","27.001","26.385","27.660","26.039","2.39%"
"Jan 28, 2021","26.370","25.267","26.970","24.860","4.48%"
"Jan 27, 2021","25.240","25.470","25.501","24.697","-0.80%"
"Jan 26, 2021","25.442","25.340","25.660","25.189","0.56%"
"Jan 25, 2021","25.300","25.425","25.785","25.160","-0.39%"
"Jan 22, 2021","25.400","25.965","26.010","25.020","-2.10%"
"Jan 21, 2021","25.945","25.835","26.065","25.640","0.54%"
"Jan 20, 2021","25.807","25.200","25.885","25.040","2.45%"
"Jan 19, 2021","25.190","25.345","25.425","24.925","-0.55%"
"Jan 18, 2021","25.330","24.784","25.353","24.200","2.40%"
"Jan 15, 2021","24.735","25.545","25.795","24.585","-3.11%"
"Jan 14, 2021","25.530","25.155","25.905","25.055","1.55%"
"Jan 13, 2021","25.140","25.605","25.690","25.125","-1.70%"
"Jan 12, 2021","25.575","24.960","25.650","24.895","2.62%"
"Jan 11, 2021","24.921","25.355","25.513","24.330","-1.77%"
"Jan 08, 2021","25.370","27.125","27.220","24.481","-6.40%"
"Jan 07, 2021","27.104","27.305","27.375","26.920","-0.72%"
"Jan 06, 2021","27.300","27.580","27.930","26.609","-0.98%"
"Jan 05, 2021","27.570","27.245","27.695","26.992","1.32%"
"Jan 04, 2021","27.211","26.650","27.570","26.615","3.23%"
"Jan 01, 2021","26.360","26.400","26.455","26.365","0.01%"
"Dec 31, 2020","26.358","26.640","26.715","26.210","-0.95%"
"Dec 30, 2020","26.610","26.210","26.646","26.135","1.65%"
"Dec 29, 2020","26.179","26.205","26.620","25.950","0.07%"
"Dec 28, 2020","26.160","26.090","26.775","25.944","1.20%"
"Dec 25, 2020","25.850","25.825","25.875","25.825","0.04%"
"Dec 24, 2020","25.840","25.560","25.925","25.420","1.21%"
"Dec 23, 2020","25.530","25.160","25.800","25.060","1.62%"
"Dec 22, 2020","25.122","26.191","26.586","25.077","-3.98%"
"Dec 21, 2020","26.163","25.795","27.405","24.970","1.53%"
"Dec 18, 2020","25.768","26.060","26.135","25.655","-1.08%"
"Dec 17, 2020","26.050","25.375","26.100","25.160","2.82%"
"Dec 16, 2020","25.336","24.520","25.505","24.443","3.48%"
"Dec 15, 2020","24.483","23.840","24.575","23.810","2.79%"
"Dec 14, 2020","23.818","23.935","24.240","23.675","-0.40%"
"Dec 11, 2020","23.912","23.975","24.125","23.600","-0.16%"
"Dec 10, 2020","23.949","23.944","24.290","23.720","0.12%"
"Dec 09, 2020","23.921","24.560","24.594","23.590","-2.60%"
"Dec 08, 2020","24.560","24.505","24.870","24.425","0.22%"
"Dec 07, 2020","24.505","24.190","24.786","23.520","1.40%"
"Dec 04, 2020","24.166","24.085","24.410","23.930","0.42%"
"Dec 03, 2020","24.066","24.110","24.295","23.735","-0.15%"
"Dec 02, 2020","24.102","24.015","24.329","23.540","0.42%"
"Dec 01, 2020","24.002","22.635","24.061","22.581","6.18%"
"Nov 30, 2020","22.604","22.725","22.780","21.897","-0.40%"
"Nov 27, 2020","22.695","23.275","23.345","22.340","-3.22%"
"Nov 26, 2020","23.450","23.325","23.490","23.175","0.64%"
"Nov 25, 2020","23.300","23.270","23.533","23.095","0.20%"
"Nov 24, 2020","23.252","23.590","23.643","22.930","-1.37%"
"Nov 23, 2020","23.576","24.165","24.405","23.424","-2.35%"
"Nov 20, 2020","24.144","24.095","24.535","23.900","0.23%"
"Nov 19, 2020","24.090","24.315","24.385","23.630","-0.92%"
"Nov 18, 2020","24.313","24.492","24.715","24.200","-0.63%"
"Nov 17, 2020","24.468","24.780","24.815","24.365","-1.15%"
"Nov 16, 2020","24.751","24.675","25.080","24.220","0.49%"
"Nov 13, 2020","24.630","24.245","24.825","24.155","1.65%"
"Nov 12, 2020","24.230","24.275","24.405","24.040","-0.08%"
"Nov 11, 2020","24.249","24.220","24.445","23.774","0.16%"
"Nov 10, 2020","24.210","24.085","24.505","23.895","0.58%"
"Nov 09, 2020","24.070","25.615","26.006","23.575","-5.95%"
"Nov 06, 2020","25.593","25.360","25.846","24.893","1.05%"
"Nov 05, 2020","25.327","23.940","25.480","23.890","5.93%"
"Nov 04, 2020","23.910","24.180","24.501","23.240","-1.06%"
"Nov 03, 2020","24.165","24.080","24.400","23.900","0.53%"
"Nov 02, 2020","24.038","23.655","24.175","23.394","1.73%"
"Oct 30, 2020","23.630","23.245","23.825","23.174","1.53%"
"Oct 29, 2020","23.275","23.390","23.586","22.580","-0.58%"
"Oct 28, 2020","23.410","24.370","24.585","23.020","-4.64%"
"Oct 27, 2020","24.550","24.275","24.620","24.195","0.95%"
"Oct 26, 2020","24.320","24.630","24.670","24.100","-1.06%"
"Oct 23, 2020","24.580","24.720","24.865","24.405","-0.69%"
"Oct 22, 2020","24.750","25.040","25.092","24.365","-1.28%"
"Oct 21, 2020","25.070","24.655","25.290","24.650","1.72%"
"Oct 20, 2020","24.645","24.380","24.935","24.320","0.59%"
"Oct 19, 2020","24.500","24.175","24.985","24.115","1.37%"
"Oct 16, 2020","24.170","24.275","24.527","24.060","-0.58%"
"Oct 15, 2020","24.310","24.288","24.345","23.580","0.12%"
"Oct 14, 2020","24.280","24.165","24.650","23.874","0.46%"
"Oct 13, 2020","24.170","25.135","25.205","23.935","-3.74%"
"Oct 12, 2020","25.110","25.110","25.575","24.780","-0.04%"
"Oct 09, 2020","25.120","23.845","25.189","23.833","5.44%"
"Oct 08, 2020","23.825","23.875","24.220","23.660","-0.06%"
"Oct 07, 2020","23.840","23.035","23.985","23.005","3.27%"
"Oct 06, 2020","23.085","24.385","24.510","22.865","-5.20%"
"Oct 05, 2020","24.350","23.715","24.520","23.675","2.74%"
"Oct 02, 2020","23.700","23.784","24.205","23.480","-0.80%"
"Oct 01, 2020","23.890","23.225","24.175","23.215","2.93%"
"Sep 30, 2020","23.210","24.224","24.320","23.139","-3.99%"
"Sep 29, 2020","24.175","23.675","24.410","23.370","1.96%"
"Sep 28, 2020","23.710","22.876","23.737","22.515","3.72%"
"Sep 25, 2020","22.860","23.155","23.316","22.450","-1.49%"
"Sep 24, 2020","23.205","22.895","23.360","21.661","1.46%"
"Sep 23, 2020","22.870","24.400","24.480","22.595","-6.33%"
"Sep 22, 2020","24.415","24.725","25.238","23.827","-1.27%"
"Sep 21, 2020","24.730","26.797","26.967","23.716","-7.60%"
"Sep 18, 2020","26.765","27.085","27.220","26.705","-1.24%"
"Sep 17, 2020","27.100","27.315","27.315","26.311","-0.48%"
"Sep 16, 2020","27.230","27.235","27.455","26.879","-0.02%"
"Sep 15, 2020","27.235","27.147","27.633","27.002","0.29%"
"Sep 14, 2020","27.155","26.765","27.310","26.673","1.55%"
"Sep 11, 2020","26.740","26.878","27.044","26.580","-0.67%"
"Sep 10, 2020","26.920","26.989","27.493","26.680","-0.39%"
"Sep 09, 2020","27.025","26.627","27.130","26.407","1.20%"
"Sep 08, 2020","26.705","26.934","27.103","25.860","-1.09%"
"Sep 07, 2020","27.000","26.875","27.176","26.615","0.45%"
"Sep 04, 2020","26.880","26.590","27.013","26.309","0.96%"
"Sep 03, 2020","26.625","27.433","27.720","26.480","-3.16%"
"Sep 02, 2020","27.495","28.125","28.320","27.078","-2.38%"
"Sep 01, 2020","28.165","28.265","28.910","27.714","-0.19%"
"Aug 31, 2020","28.220","27.538","28.368","27.538","2.66%"
"Aug 28, 2020","27.490","27.053","27.720","26.830","1.65%"
"Aug 27, 2020","27.045","27.519","27.918","26.524","-1.73%"
"Aug 26, 2020","27.520","26.475","27.545","26.097","4.12%"
"Aug 25, 2020","26.430","26.545","26.808","26.072","-0.41%"
"Aug 24, 2020","26.540","26.764","27.245","26.257","-0.56%"
"Aug 21, 2020","26.689","27.264","27.545","26.060","-1.95%"
"Aug 20, 2020","27.220","26.715","27.528","26.605","1.87%"
"Aug 19, 2020","26.720","27.723","28.043","26.495","-3.36%"
"Aug 18, 2020","27.650","27.455","28.460","27.121","0.91%"
"Aug 17, 2020","27.400","26.642","27.571","25.830","3.75%"
"Aug 14, 2020","26.410","27.523","27.724","25.748","-4.16%"
"Aug 13, 2020","27.555","25.583","27.721","25.281","7.81%"
"Aug 12, 2020","25.560","24.781","26.292","23.445","3.11%"
"Aug 11, 2020","24.790","29.185","29.260","24.430","-14.96%"
"Aug 10, 2020","29.150","28.463","29.423","27.868","3.04%"
"Aug 07, 2020","28.290","28.935","29.863","27.376","-2.25%"
"Aug 06, 2020","28.940","26.991","29.090","26.800","7.11%"
"Aug 05, 2020","27.020","26.015","27.145","25.373","3.92%"
"Aug 04, 2020","26.000","24.245","26.029","24.120","7.22%"
"Aug 03, 2020","24.250","24.760","24.851","24.060","-0.49%"
"Jul 31, 2020","24.370","23.526","24.472","23.294","3.50%"
"Jul 30, 2020","23.545","24.415","24.425","22.916","-3.52%"
"Jul 29, 2020","24.405","24.605","24.940","23.330","-0.67%"
"Jul 28, 2020","24.570","24.565","26.205","22.346","-0.16%"
"Jul 27, 2020","24.610","22.745","24.635","22.720","8.22%"
"Jul 24, 2020","22.740","22.695","22.930","22.413","0.09%"
"Jul 23, 2020","22.720","23.065","23.258","22.270","-1.35%"
"Jul 22, 2020","23.030","21.303","23.071","21.284","7.97%"
"Jul 21, 2020","21.330","19.930","21.355","19.853","7.19%"
"Jul 20, 2020","19.900","19.354","19.930","19.245","3.06%"
"Jul 17, 2020","19.310","19.155","19.405","18.925","0.73%"
"Jul 16, 2020","19.170","19.425","19.485","19.098","-1.13%"
"Jul 15, 2020","19.390","19.205","19.480","19.130","0.99%"
"Jul 14, 2020","19.200","19.115","19.300","18.870","0.63%"
"Jul 13, 2020","19.080","18.692","19.376","18.692","2.20%"
"Jul 10, 2020","18.670","18.695","18.820","18.479","0.05%"
"Jul 09, 2020","18.660","18.645","19.052","18.483","-0.59%"
"Jul 08, 2020","18.770","18.340","18.795","18.240","2.57%"
"Jul 07, 2020","18.300","18.245","18.378","17.987","0.49%"
"Jul 06, 2020","18.210","18.048","18.410","17.940","0.94%"
"Jul 03, 2020","18.040","18.050","18.110","17.929","0.78%"
"Jul 02, 2020","17.900","17.960","18.136","17.760","-0.22%"
"Jul 01, 2020","17.940","18.170","18.462","17.825","-1.05%"
"Jun 30, 2020","18.130","17.820","18.257","17.765","1.51%"
"Jun 29, 2020","17.860","17.813","17.965","17.675","0.62%"
"Jun 26, 2020","17.750","17.797","17.945","17.492","-0.73%"
"Jun 25, 2020","17.880","17.483","17.905","17.435","2.05%"
"Jun 24, 2020","17.520","17.860","18.075","17.415","-2.40%"
"Jun 23, 2020","17.950","17.840","18.028","17.663","0.73%"
"Jun 22, 2020","17.820","17.654","18.045","17.634","1.25%"
"Jun 19, 2020","17.600","17.530","17.820","17.360","0.54%"
"Jun 18, 2020","17.505","17.485","17.692","17.305","-0.43%"
"Jun 17, 2020","17.580","17.430","17.645","17.300","1.06%"
"Jun 16, 2020","17.395","17.378","17.600","17.230","-0.20%"
"Jun 15, 2020","17.430","17.457","17.586","16.955","-0.06%"
"Jun 12, 2020","17.440","17.615","17.772","17.383","-1.50%"
"Jun 11, 2020","17.705","18.124","18.170","17.475","-2.99%"
"Jun 10, 2020","18.250","17.533","18.315","17.524","3.75%"
"Jun 09, 2020","17.590","17.761","17.800","17.455","-1.51%"
"Jun 08, 2020","17.860","17.386","17.925","17.315","2.82%"
"Jun 05, 2020","17.370","17.760","17.815","17.215","-1.98%"
"Jun 04, 2020","17.720","17.750","17.868","17.450","0.28%"
"Jun 03, 2020","17.670","18.100","18.130","17.459","-2.32%"
"Jun 02, 2020","18.090","18.285","18.389","17.773","-0.99%"
"Jun 01, 2020","18.270","17.885","18.439","17.885","2.41%"
"May 29, 2020","17.840","17.430","17.935","17.263","2.41%"
"May 28, 2020","17.420","17.277","17.526","17.170","0.69%"
"May 27, 2020","17.300","17.120","17.380","16.849","1.17%"
"May 26, 2020","17.100","17.123","17.478","17.015","-0.58%"
"May 25, 2020","17.200","17.202","17.260","16.883","0.12%"
"May 22, 2020","17.180","17.010","17.257","16.703","0.70%"
"May 21, 2020","17.060","17.510","17.595","16.875","-2.51%"
"May 20, 2020","17.500","17.440","17.645","17.268","0.57%"
"May 19, 2020","17.400","16.995","17.500","16.963","1.31%"
"May 18, 2020","17.175","16.635","17.577","16.635","3.34%"
"May 15, 2020","16.620","15.875","16.740","15.760","4.73%"
"May 14, 2020","15.870","15.563","15.955","15.438","1.47%"
"May 13, 2020","15.640","15.446","15.665","15.327","1.49%"
"May 12, 2020","15.410","15.493","15.650","15.336","-0.90%"
"May 11, 2020","15.550","15.505","15.625","15.270","0.65%"
"May 08, 2020","15.450","15.350","15.646","15.210","-0.32%"
"May 07, 2020","15.500","14.842","15.528","14.819","3.89%"
"May 06, 2020","14.920","14.967","15.180","14.815","-0.67%"
"May 05, 2020","15.020","14.798","15.055","14.710","1.21%"
"May 04, 2020","14.840","14.974","15.082","14.726","-0.67%"
"May 01, 2020","14.940","14.948","15.065","14.735","-0.53%"
"Apr 30, 2020","15.020","15.270","15.515","14.715","-2.21%"
"Apr 29, 2020","15.360","15.194","15.400","15.084","1.12%"
"Apr 28, 2020","15.190","15.203","15.243","14.905","-0.56%"
"Apr 27, 2020","15.275","15.259","15.355","15.010","0.23%"
"Apr 24, 2020","15.240","15.255","15.406","15.025","-0.39%"
"Apr 23, 2020","15.300","15.093","15.455","14.960","0.96%"
"Apr 22, 2020","15.155","14.880","15.182","14.685","1.54%"
"Apr 21, 2020","14.925","15.318","15.350","14.520","-2.90%"
"Apr 20, 2020","15.370","15.146","15.448","15.049","1.59%"
"Apr 17, 2020","15.130","15.545","15.565","15.033","-3.14%"
"Apr 16, 2020","15.620","15.487","15.645","15.201","0.94%"
"Apr 15, 2020","15.475","15.759","15.795","15.265","-2.12%"
"Apr 14, 2020","15.810","15.361","15.860","15.333","2.33%"
"Apr 13, 2020","15.450","15.474","15.526","15.132","0.06%"
"Apr 10, 2020","15.440","15.440","15.470","15.410","-0.06%"
"Apr 09, 2020","15.450","14.974","15.575","14.907","2.66%"
"Apr 08, 2020","15.050","15.011","15.189","14.857","0.31%"
"Apr 07, 2020","15.003","15.020","15.507","14.840","0.12%"
"Apr 06, 2020","14.985","14.407","15.101","14.238","4.13%"
"Apr 03, 2020","14.390","14.495","14.588","14.262","-0.79%"
"Apr 02, 2020","14.505","13.948","14.565","13.895","3.61%"
"Apr 01, 2020","14.000","13.970","14.156","13.805","0.21%"
"Mar 31, 2020","13.970","14.057","14.258","13.852","-1.03%"
"Mar 30, 2020","14.115","14.535","14.595","13.810","-2.45%"
"Mar 27, 2020","14.470","14.405","14.661","14.179","0.59%"
"Mar 26, 2020","14.385","14.500","14.690","14.155","-0.31%"
"Mar 25, 2020","14.430","14.310","14.740","14.008","1.12%"
"Mar 24, 2020","14.270","13.280","14.365","13.173","7.70%"
"Mar 23, 2020","13.250","12.600","13.295","12.271","5.33%"
"Mar 20, 2020","12.580","12.097","13.028","11.995","3.88%"
"Mar 19, 2020","12.110","11.960","12.311","11.775","1.09%"
"Mar 18, 2020","11.980","12.610","12.905","11.640","-4.85%"
"Mar 17, 2020","12.590","12.845","13.255","12.119","-2.40%"
"Mar 16, 2020","12.900","15.094","15.121","11.792","-12.13%"
"Mar 13, 2020","14.680","15.837","15.880","14.440","-7.21%"
"Mar 12, 2020","15.820","16.750","16.941","15.512","-5.57%"
"Mar 11, 2020","16.753","16.897","17.127","16.670","-0.63%"
"Mar 10, 2020","16.860","16.990","17.215","16.800","-0.65%"
"Mar 09, 2020","16.970","17.335","17.532","16.555","-1.98%"
"Mar 06, 2020","17.313","17.430","17.589","17.049","-0.56%"
"Mar 05, 2020","17.410","17.208","17.470","17.140","1.34%"
"Mar 04, 2020","17.180","17.197","17.355","17.073","0.00%"
"Mar 03, 2020","17.180","16.748","17.478","16.715","2.70%"
"Mar 02, 2020","16.728","16.690","17.059","16.505","0.40%"
"Feb 28, 2020","16.662","17.724","17.878","16.385","-5.85%"
"Feb 27, 2020","17.698","17.908","18.146","17.625","-1.03%"
"Feb 26, 2020","17.882","18.005","18.226","17.784","-0.57%"
"Feb 25, 2020","17.986","18.642","18.675","17.879","-3.42%"
"Feb 24, 2020","18.622","18.490","18.963","18.485","0.86%"
"Feb 21, 2020","18.463","18.368","18.647","18.344","0.60%"
"Feb 20, 2020","18.352","18.423","18.463","18.214","-0.26%"
"Feb 19, 2020","18.400","18.169","18.470","18.142","1.31%"
"Feb 18, 2020","18.161","17.795","18.244","17.775","2.23%"
"Feb 17, 2020","17.765","17.750","17.918","17.693","0.20%"
"Feb 14, 2020","17.730","17.647","17.830","17.615","0.58%"
"Feb 13, 2020","17.627","17.484","17.753","17.470","0.94%"
"Feb 12, 2020","17.463","17.652","17.692","17.451","-0.96%"
"Feb 11, 2020","17.632","17.774","17.831","17.559","-0.66%"
"Feb 10, 2020","17.750","17.700","17.856","17.667","0.43%"
"Feb 07, 2020","17.674","17.828","17.879","17.629","-0.75%"
"Feb 06, 2020","17.808","17.615","17.903","17.596","1.21%"
"Feb 05, 2020","17.595","17.597","17.745","17.471","0.09%"
"Feb 04, 2020","17.578","17.675","17.803","17.510","-0.44%"
"Feb 03, 2020","17.657","18.050","18.110","17.580","-2.08%"
"Jan 31, 2020","18.031","17.841","18.111","17.783","1.16%"
"Jan 30, 2020","17.825","17.559","18.056","17.541","1.62%"
"Jan 29, 2020","17.540","17.454","17.605","17.374","0.61%"
"Jan 28, 2020","17.434","18.103","18.132","17.436","-3.59%"
"Jan 27, 2020","18.084","18.110","18.354","18.036","0.01%"
"Jan 24, 2020","18.082","17.802","18.169","17.733","1.68%"
"Jan 23, 2020","17.784","17.837","17.924","17.599","-0.19%"
"Jan 22, 2020","17.818","17.791","17.947","17.669","0.26%"
"Jan 21, 2020","17.772","18.065","18.173","17.625","-1.62%"
"Jan 20, 2020","18.065","18.020","18.143","17.985","0.37%"
"Jan 17, 2020","17.998","17.951","18.190","17.892","0.32%"
"Jan 16, 2020","17.941","18.001","18.061","17.862","-0.28%"
"Jan 15, 2020","17.990","17.795","18.056","17.735","1.13%"
"Jan 14, 2020","17.789","17.974","17.984","17.667","-0.97%"
"Jan 13, 2020","17.964","18.100","18.130","17.910","-0.71%"
"Jan 10, 2020","18.092","17.909","18.174","17.825","1.08%"
"Jan 09, 2020","17.899","18.095","18.220","17.791","-1.02%"
"Jan 08, 2020","18.083","18.402","18.855","18.040","-1.65%"
"Jan 07, 2020","18.387","18.153","18.450","17.934","1.35%"
"Jan 06, 2020","18.142","18.040","18.520","18.001","0.60%"
"Jan 03, 2020","18.034","18.025","18.287","17.985","0.12%"
"Jan 02, 2020","18.013","17.865","18.121","17.774","1.03%"
"Jan 01, 2020","17.830","17.850","17.865","17.850","0.00%"
"Dec 31, 2019","17.830","17.925","18.170","17.805","-0.48%"
"Dec 30, 2019","17.916","17.760","17.990","17.760","0.91%"
"Dec 27, 2019","17.754","17.897","17.994","17.734","-0.74%"
"Dec 26, 2019","17.886","17.776","18.062","17.715","0.57%"
"Dec 24, 2019","17.785","17.433","17.808","17.371","2.08%"
"Dec 23, 2019","17.422","17.200","17.470","17.165","1.34%"
"Dec 20, 2019","17.192","17.070","17.272","17.009","0.80%"
"Dec 19, 2019","17.056","17.017","17.140","16.880","0.29%"
"Dec 18, 2019","17.007","17.012","17.090","16.869","0.03%"
"Dec 17, 2019","17.002","17.040","17.128","16.945","-0.17%"
"Dec 16, 2019","17.031","16.956","17.106","16.880","0.59%"
"Dec 13, 2019","16.932","16.930","17.034","16.825","0.03%"
"Dec 12, 2019","16.926","16.862","17.135","16.758","0.43%"
"Dec 11, 2019","16.853","16.665","16.980","16.580","1.19%"
"Dec 10, 2019","16.654","16.625","16.732","16.559","0.32%"
"Dec 09, 2019","16.601","16.560","16.703","16.518","0.25%"
"Dec 06, 2019","16.560","16.955","17.013","16.521","-2.29%"
"Dec 05, 2019","16.948","16.848","17.035","16.802","0.76%"
"Dec 04, 2019","16.820","17.175","17.312","16.786","-1.99%"
"Dec 03, 2019","17.161","16.905","17.220","16.860","1.55%"
"Dec 02, 2019","16.899","16.995","17.028","16.805","-0.71%"
"Nov 29, 2019","17.020","16.920","17.060","16.848","0.89%"
"Nov 28, 2019","16.870","16.955","17.049","16.875","-0.42%"
"Nov 27, 2019","16.942","17.078","17.114","16.915","-0.74%"
"Nov 26, 2019","17.068","16.905","17.129","16.802","1.00%"
"Nov 25, 2019","16.900","17.010","17.035","16.840","-0.61%"
"Nov 22, 2019","17.004","17.107","17.260","16.980","-0.54%"
"Nov 21, 2019","17.097","17.145","17.209","17.031","-0.19%"
"Nov 20, 2019","17.130","17.145","17.227","17.020","-0.03%"
"Nov 19, 2019","17.136","17.035","17.211","16.964","0.67%"
"Nov 18, 2019","17.021","16.960","17.085","16.733","0.43%"
"Nov 15, 2019","16.949","17.022","17.046","16.815","-0.37%"
"Nov 14, 2019","17.012","16.964","17.126","16.869","0.35%"
"Nov 13, 2019","16.953","16.784","17.051","16.750","1.07%"
"Nov 12, 2019","16.774","16.862","16.924","16.638","-0.48%"
"Nov 11, 2019","16.855","16.810","16.963","16.647","0.35%"
"Nov 08, 2019","16.796","17.119","17.142","16.690","-1.82%"
"Nov 07, 2019","17.108","17.635","17.695","16.982","-2.91%"
"Nov 06, 2019","17.621","17.590","17.674","17.370","0.21%"
"Nov 05, 2019","17.585","18.055","18.115","17.529","-2.55%"
"Nov 04, 2019","18.045","18.130","18.250","17.950","-0.22%"
"Nov 01, 2019","18.085","18.115","18.175","17.928","-0.22%"
"Oct 31, 2019","18.125","17.885","18.195","17.784","1.48%"
"Oct 30, 2019","17.860","17.815","17.982","17.575","0.35%"
"Oct 29, 2019","17.798","17.855","17.909","17.591","-0.32%"
"Oct 28, 2019","17.855","18.053","18.151","17.779","-0.92%"
"Oct 25, 2019","18.020","17.813","18.353","17.773","1.41%"
"Oct 24, 2019","17.770","17.567","17.859","17.463","1.22%"
"Oct 23, 2019","17.555","17.538","17.633","17.485","0.23%"
"Oct 22, 2019","17.515","17.569","17.692","17.416","-0.28%"
"Oct 21, 2019","17.565","17.565","17.885","17.499","0.14%"
"Oct 18, 2019","17.541","17.552","17.624","17.394","0.12%"
"Oct 17, 2019","17.520","17.400","17.669","17.295","0.75%"
"Oct 16, 2019","17.390","17.419","17.494","17.148","0.12%"
"Oct 15, 2019","17.370","17.645","17.750","17.340","-1.59%"
"Oct 14, 2019","17.650","17.575","17.720","17.413","0.63%"
"Oct 11, 2019","17.540","17.510","17.770","17.325","0.34%"
"Oct 10, 2019","17.480","17.720","17.903","17.411","-1.24%"
"Oct 09, 2019","17.700","17.730","17.971","17.649","-0.06%"
"Oct 08, 2019","17.710","17.453","17.816","17.263","1.58%"
"Oct 07, 2019","17.435","17.635","17.642","17.375","-0.66%"
"Oct 04, 2019","17.550","17.564","17.674","17.293","-0.03%"
"Oct 03, 2019","17.555","17.583","17.808","17.460","0.00%"
"Oct 02, 2019","17.555","17.246","17.698","17.171","1.86%"
"Oct 01, 2019","17.235","17.001","17.340","16.878","1.41%"
"Sep 30, 2019","16.995","17.529","17.614","16.914","-3.13%"
"Sep 27, 2019","17.544","17.810","17.923","17.292","-1.44%"
"Sep 26, 2019","17.800","17.927","18.064","17.730","-0.59%"
"Sep 25, 2019","17.905","18.625","18.711","17.819","-3.63%"
"Sep 24, 2019","18.580","18.635","18.763","18.250","-0.27%"
"Sep 23, 2019","18.630","17.962","18.720","17.941","3.62%"
"Sep 20, 2019","17.980","17.790","18.002","17.746","1.18%"
"Sep 19, 2019","17.770","17.805","17.960","17.595","0.17%"
"Sep 18, 2019","17.740","18.021","18.059","17.519","-1.53%"
"Sep 17, 2019","18.015","17.845","18.108","17.737","0.92%"
"Sep 16, 2019","17.850","17.445","18.032","17.445","2.44%"
"Sep 13, 2019","17.425","18.060","18.213","17.382","-3.70%"
"Sep 12, 2019","18.095","18.100","18.491","17.987","0.08%"
"Sep 11, 2019","18.080","18.015","18.264","17.888","0.39%"
"Sep 10, 2019","18.010","18.000","18.195","17.767","0.28%"
"Sep 09, 2019","17.960","18.190","18.332","17.920","-1.10%"
"Sep 06, 2019","18.160","18.660","18.810","17.982","-2.52%"
"Sep 05, 2019","18.630","19.580","19.600","18.495","-4.80%"
"Sep 04, 2019","19.570","19.260","19.671","19.173","1.77%"
"Sep 03, 2019","19.230","18.480","19.306","18.323","4.23%"
"Sep 02, 2019","18.450","18.430","18.573","18.253","0.54%"
"Aug 30, 2019","18.350","18.265","18.495","18.065","0.60%"
"Aug 29, 2019","18.240","18.340","18.675","18.035","-0.49%"
"Aug 28, 2019","18.330","18.180","18.531","18.054","0.94%"
"Aug 27, 2019","18.160","17.665","18.221","17.624","3.01%"
"Aug 26, 2019","17.630","17.612","17.800","17.510","1.38%"
"Aug 23, 2019","17.390","17.040","17.497","16.965","2.23%"
"Aug 22, 2019","17.010","17.145","17.171","16.920","-0.58%"
"Aug 21, 2019","17.110","17.170","17.220","16.983","-0.06%"
"Aug 20, 2019","17.120","16.885","17.213","16.852","1.54%"
"Aug 19, 2019","16.860","17.115","17.160","16.841","-1.29%"
"Aug 16, 2019","17.080","17.275","17.354","17.035","-1.07%"
"Aug 15, 2019","17.265","17.210","17.397","17.097","0.35%"
"Aug 14, 2019","17.205","16.979","17.338","16.866","1.41%"
"Aug 13, 2019","16.965","17.075","17.532","16.555","-0.53%"
"Aug 12, 2019","17.055","16.958","17.178","16.803","0.68%"
"Aug 09, 2019","16.940","16.905","17.151","16.852","0.24%"
"Aug 08, 2019","16.900","17.080","17.221","16.799","-1.17%"
"Aug 07, 2019","17.100","16.445","17.263","16.436","3.98%"
"Aug 06, 2019","16.445","16.435","16.524","16.348","0.34%"
"Aug 05, 2019","16.390","16.220","16.588","16.114","1.11%"
"Aug 02, 2019","16.210","16.320","16.364","16.035","-0.70%"
"Aug 01, 2019","16.325","16.255","16.394","15.908","0.43%"
"Jul 31, 2019","16.255","16.560","16.588","16.193","-1.93%"
"Jul 30, 2019","16.575","16.475","16.645","16.389","0.73%"
"Jul 29, 2019","16.455","16.404","16.494","16.323","0.41%"
"Jul 26, 2019","16.388","16.430","16.536","16.322","-0.08%"
"Jul 25, 2019","16.400","16.585","16.672","16.318","-1.15%"
"Jul 24, 2019","16.590","16.400","16.656","16.330","1.19%"
"Jul 23, 2019","16.395","16.365","16.552","16.165","0.34%"
"Jul 22, 2019","16.340","16.245","16.448","16.161","0.83%"
"Jul 19, 2019","16.205","16.340","16.605","16.060","-0.80%"
"Jul 18, 2019","16.335","15.985","16.372","15.916","2.29%"
"Jul 17, 2019","15.970","15.565","16.013","15.516","2.67%"
"Jul 16, 2019","15.555","15.395","15.721","15.295","1.17%"
"Jul 15, 2019","15.375","15.230","15.425","15.151","1.08%"
"Jul 12, 2019","15.210","15.105","15.278","15.036","0.63%"
"Jul 11, 2019","15.115","15.245","15.341","15.089","-0.82%"
"Jul 10, 2019","15.240","15.110","15.304","15.025","0.93%"
"Jul 09, 2019","15.100","15.030","15.153","14.933","0.50%"
"Jul 08, 2019","15.025","15.009","15.144","14.946","0.37%"
"Jul 05, 2019","14.970","15.280","15.344","14.878","-2.03%"
"Jul 04, 2019","15.280","15.328","15.352","15.206","-0.13%"
"Jul 03, 2019","15.300","15.320","15.460","15.187","-0.03%"
"Jul 02, 2019","15.305","15.140","15.333","15.029","1.12%"
"Jul 01, 2019","15.135","15.335","15.340","15.106","-1.13%"
"Jun 28, 2019","15.307","15.245","15.353","15.194","0.34%"
"Jun 27, 2019","15.255","15.285","15.317","15.151","0.10%"
"Jun 26, 2019","15.240","15.361","15.383","15.164","-0.81%"
"Jun 25, 2019","15.365","15.435","15.535","15.272","-0.42%"
"Jun 24, 2019","15.430","15.364","15.496","15.277","0.51%"
"Jun 21, 2019","15.351","15.445","15.575","15.155","-0.45%"
"Jun 20, 2019","15.420","15.170","15.534","15.117","1.75%"
"Jun 19, 2019","15.155","15.005","15.184","14.903","1.00%"
"Jun 18, 2019","15.005","14.845","15.101","14.808","1.15%"
"Jun 17, 2019","14.835","14.870","14.926","14.759","-0.24%"
"Jun 14, 2019","14.870","14.925","15.142","14.778","-0.20%"
"Jun 13, 2019","14.900","14.785","14.995","14.719","1.12%"
"Jun 12, 2019","14.735","14.745","14.902","14.714","0.24%"
"Jun 11, 2019","14.700","14.705","14.822","14.634","0.27%"
"Jun 10, 2019","14.660","15.015","15.028","14.627","-2.20%"
"Jun 07, 2019","14.990","14.897","15.174","14.837","0.94%"
"Jun 06, 2019","14.850","14.817","15.017","14.738","0.35%"
"Jun 05, 2019","14.798","14.827","15.065","14.749","-0.11%"
"Jun 04, 2019","14.815","14.798","14.882","14.651","0.27%"
"Jun 03, 2019","14.775","14.593","14.849","14.564","1.41%"
"May 31, 2019","14.570","14.525","14.704","14.465","0.38%"
"May 30, 2019","14.515","14.420","14.595","14.348","0.69%"
"May 29, 2019","14.415","14.362","14.502","14.327","0.48%"
"May 28, 2019","14.346","14.585","14.615","14.278","-1.67%"
"May 27, 2019","14.590","14.574","14.658","14.542","0.21%"
"May 24, 2019","14.560","14.590","14.634","14.516","-0.17%"
"May 23, 2019","14.585","14.420","14.671","14.404","0.97%"
"May 22, 2019","14.445","14.445","14.518","14.378","0.00%"
"May 21, 2019","14.445","14.435","14.496","14.358","-0.14%"
"May 20, 2019","14.465","14.408","14.502","14.362","0.52%"
"May 17, 2019","14.390","14.545","14.576","14.377","-1.13%"
"May 16, 2019","14.555","14.785","14.843","14.507","-1.62%"
"May 15, 2019","14.795","14.796","14.880","14.744","0.07%"
"May 14, 2019","14.785","14.770","14.877","14.718","0.14%"
"May 13, 2019","14.765","14.784","14.831","14.603","0.10%"
"May 10, 2019","14.750","14.770","14.853","14.728","-0.03%"
"May 09, 2019","14.755","14.840","14.891","14.678","-0.54%"
"May 08, 2019","14.835","14.910","14.994","14.818","-0.47%"
"May 07, 2019","14.905","14.915","14.963","14.779","0.03%"
"May 06, 2019","14.900","14.925","14.988","14.748","-0.17%"
"May 03, 2019","14.925","14.630","15.001","14.577","2.05%"
"May 02, 2019","14.625","14.690","14.746","14.547","-0.34%"
"May 01, 2019","14.675","14.945","14.966","14.594","-1.74%"
"Apr 30, 2019","14.935","14.925","15.039","14.798","0.20%"
"Apr 29, 2019","14.905","15.078","15.094","14.866","-1.03%"
"Apr 26, 2019","15.060","14.942","15.100","14.915","0.84%"
"Apr 25, 2019","14.935","14.940","15.033","14.840","0.10%"
"Apr 24, 2019","14.920","14.830","15.012","14.775","0.71%"
"Apr 23, 2019","14.815","15.019","15.062","14.737","-1.10%"
"Apr 22, 2019","14.980","15.018","15.099","14.982","0.33%"
"Apr 19, 2019","14.930","14.955","14.955","14.955","-0.40%"
"Apr 18, 2019","14.990","14.990","15.053","14.916","-0.03%"
"Apr 17, 2019","14.995","15.005","15.122","14.908","0.17%"
"Apr 16, 2019","14.970","14.985","15.044","14.866","-0.17%"
"Apr 15, 2019","14.995","14.979","15.060","14.836","0.30%"
"Apr 12, 2019","14.950","14.965","15.140","14.937","-0.03%"
"Apr 11, 2019","14.955","15.245","15.280","14.898","-1.64%"
"Apr 10, 2019","15.205","15.230","15.319","15.129","-0.07%"
"Apr 09, 2019","15.215","15.255","15.349","15.196","-0.20%"
"Apr 08, 2019","15.245","15.115","15.323","15.103","1.09%"
"Apr 05, 2019","15.080","15.150","15.233","15.066","-0.43%"
"Apr 04, 2019","15.145","15.145","15.200","14.897","0.07%"
"Apr 03, 2019","15.135","15.120","15.220","15.020","0.13%"
"Apr 02, 2019","15.115","15.105","15.138","14.926","0.07%"
"Apr 01, 2019","15.105","15.130","15.235","15.038","-0.20%"
"Mar 29, 2019","15.135","14.995","15.225","14.965","0.83%"
"Mar 28, 2019","15.010","15.325","15.345","14.973","-1.80%"
"Mar 27, 2019","15.285","15.433","15.498","15.247","-0.91%"
"Mar 26, 2019","15.425","15.550","15.572","15.385","-0.71%"
"Mar 25, 2019","15.535","15.425","15.599","15.384","0.78%"
"Mar 22, 2019","15.415","15.465","15.577","15.348","-0.32%"
"Mar 21, 2019","15.465","15.480","15.661","15.365","0.13%"
"Mar 20, 2019","15.445","15.365","15.579","15.250","0.62%"
"Mar 19, 2019","15.350","15.350","15.470","15.299","-0.58%"
"Mar 18, 2019","15.440","15.295","15.460","15.212","1.06%"
"Mar 15, 2019","15.278","15.180","15.414","15.165","0.64%"
"Mar 14, 2019","15.180","15.455","15.475","15.117","-1.75%"
"Mar 13, 2019","15.450","15.440","15.560","15.411","0.00%"
"Mar 12, 2019","15.450","15.340","15.495","15.295","0.78%"
"Mar 11, 2019","15.330","15.295","15.375","15.197","0.00%"
"Mar 08, 2019","15.330","15.026","15.387","14.998","2.02%"
"Mar 07, 2019","15.026","15.076","15.128","14.974","-0.36%"
"Mar 06, 2019","15.081","15.128","15.175","15.028","-0.34%"
"Mar 05, 2019","15.132","15.085","15.181","15.032","0.32%"
"Mar 04, 2019","15.084","15.225","15.310","15.045","-0.85%"
"Mar 01, 2019","15.213","15.600","15.662","15.139","-2.52%"
"Feb 28, 2019","15.606","15.741","15.845","15.566","-0.86%"
"Feb 27, 2019","15.741","15.935","15.959","15.682","-1.22%"
"Feb 26, 2019","15.936","15.892","15.948","15.783","0.28%"
"Feb 25, 2019","15.891","15.926","16.016","15.837","-0.18%"
"Feb 22, 2019","15.919","15.812","15.998","15.785","0.65%"
"Feb 21, 2019","15.816","16.059","16.115","15.780","-1.49%"
"Feb 20, 2019","16.055","15.995","16.242","15.953","0.41%"
"Feb 19, 2019","15.990","15.814","16.034","15.719","1.14%"
"Feb 18, 2019","15.810","15.783","15.884","15.748","0.21%"
"Feb 15, 2019","15.778","15.625","15.832","15.538","0.97%"
"Feb 14, 2019","15.626","15.566","15.714","15.479","0.38%"
"Feb 13, 2019","15.567","15.707","15.837","15.519","-0.89%"
"Feb 12, 2019","15.708","15.706","15.851","15.651","0.00%"
"Feb 11, 2019","15.707","15.815","15.854","15.656","-0.76%"
"Feb 08, 2019","15.827","15.739","15.892","15.642","0.58%"
"Feb 07, 2019","15.735","15.667","15.783","15.625","0.38%"
"Feb 06, 2019","15.675","15.848","15.887","15.625","-1.14%"
"Feb 05, 2019","15.855","15.866","15.953","15.795","-0.06%"
"Feb 04, 2019","15.865","15.927","15.944","15.674","-0.30%"
"Feb 01, 2019","15.913","16.066","16.095","15.875","-0.96%"
"Jan 31, 2019","16.066","16.065","16.212","15.981","0.01%"
"Jan 30, 2019","16.065","15.844","16.126","15.813","1.39%"
"Jan 29, 2019","15.844","15.747","15.932","15.703","0.61%"
"Jan 28, 2019","15.748","15.740","15.838","15.586","0.00%"
"Jan 25, 2019","15.747","15.318","15.765","15.274","2.80%"
"Jan 24, 2019","15.318","15.355","15.422","15.229","-0.24%"
"Jan 23, 2019","15.354","15.335","15.457","15.246","0.13%"
"Jan 22, 2019","15.335","15.274","15.380","15.163","0.42%"
"Jan 21, 2019","15.270","15.339","15.387","15.174","-0.49%"
"Jan 18, 2019","15.345","15.520","15.599","15.310","-1.14%"
"Jan 17, 2019","15.523","15.592","15.643","15.436","-0.45%"
"Jan 16, 2019","15.592","15.578","15.674","15.481","0.08%"
"Jan 15, 2019","15.580","15.653","15.724","15.524","-0.47%"
"Jan 14, 2019","15.653","15.599","15.681","15.521","0.33%"
"Jan 11, 2019","15.601","15.563","15.764","15.535","0.24%"
"Jan 10, 2019","15.564","15.745","15.812","15.528","-1.15%"
"Jan 09, 2019","15.745","15.654","15.802","15.564","0.58%"
"Jan 08, 2019","15.655","15.647","15.712","15.484","0.05%"
"Jan 07, 2019","15.646","15.731","15.842","15.602","-0.30%"
"Jan 04, 2019","15.694","15.736","15.896","15.571","-0.27%"
"Jan 03, 2019","15.736","15.519","15.775","15.466","1.41%"
"Jan 02, 2019","15.517","15.485","15.636","15.325","0.16%"
"Jan 01, 2019","15.491","15.495","15.524","15.469","-0.02%"
"Dec 31, 2018","15.495","15.408","15.522","15.305","0.68%"
"Dec 28, 2018","15.390","15.286","15.445","15.230","1.02%"
"Dec 27, 2018","15.235","15.056","15.296","14.925","1.34%"
"Dec 26, 2018","15.034","14.732","15.173","14.672","1.72%"
"Dec 25, 2018","14.780","14.755","14.780","14.755","0.03%"
"Dec 24, 2018","14.775","14.714","14.853","14.655","1.06%"
"Dec 21, 2018","14.620","14.780","14.814","14.600","-0.98%"
"Dec 20, 2018","14.764","14.599","14.846","14.514","1.14%"
"Dec 19, 2018","14.598","14.640","14.822","14.502","-0.30%"
"Dec 18, 2018","14.642","14.664","14.723","14.572","-0.15%"
"Dec 17, 2018","14.664","14.570","14.704","14.514","0.65%"
"Dec 14, 2018","14.569","14.762","14.762","14.463","-1.30%"
"Dec 13, 2018","14.761","14.745","14.810","14.643","0.07%"
"Dec 12, 2018","14.750","14.578","14.816","14.520","1.37%"
"Dec 11, 2018","14.550","14.548","14.737","14.490","0.13%"
"Dec 10, 2018","14.531","14.639","14.644","14.443","-0.61%"
"Dec 07, 2018","14.620","14.476","14.649","14.393","1.00%"
"Dec 06, 2018","14.475","14.507","14.508","14.303","-0.22%"
"Dec 05, 2018","14.507","14.520","14.547","14.383","-0.08%"
"Dec 04, 2018","14.519","14.383","14.666","14.349","0.90%"
"Dec 03, 2018","14.390","14.270","14.584","14.210","1.52%"
"Nov 30, 2018","14.175","14.309","14.341","14.014","-0.93%"
"Nov 29, 2018","14.308","14.325","14.398","14.234","-0.11%"
"Nov 28, 2018","14.324","14.143","14.399","14.074","1.28%"
"Nov 27, 2018","14.143","14.229","14.310","14.054","-0.63%"
"Nov 26, 2018","14.232","14.322","14.441","14.184","-0.41%"
"Nov 23, 2018","14.290","14.531","14.554","14.200","-1.51%"
"Nov 22, 2018","14.509","14.523","14.571","14.429","0.11%"
"Nov 21, 2018","14.493","14.320","14.556","14.243","1.24%"
"Nov 20, 2018","14.316","14.425","14.494","14.193","-0.76%"
"Nov 19, 2018","14.425","14.402","14.444","14.303","0.08%"
"Nov 16, 2018","14.413","14.289","14.425","14.193","0.87%"
"Nov 15, 2018","14.289","14.135","14.353","14.053","1.09%"
"Nov 14, 2018","14.135","13.983","14.199","13.853","0.95%"
"Nov 13, 2018","14.002","13.995","14.129","13.913","0.09%"
"Nov 12, 2018","13.990","14.169","14.237","13.990","-1.19%"
"Nov 09, 2018","14.159","14.432","14.443","14.063","-1.88%"
"Nov 08, 2018","14.430","14.588","14.609","14.360","-0.96%"
"Nov 07, 2018","14.570","14.535","14.722","14.462","0.23%"
"Nov 06, 2018","14.536","14.646","14.716","14.444","-0.78%"
"Nov 05, 2018","14.650","14.769","14.786","14.580","-0.69%"
"Nov 02, 2018","14.752","14.765","14.950","14.639","-0.26%"
"Nov 01, 2018","14.790","14.285","14.870","14.270","3.74%"
"Oct 31, 2018","14.257","14.472","14.511","14.245","-1.44%"
"Oct 30, 2018","14.465","14.455","14.551","14.355","-0.07%"
"Oct 29, 2018","14.475","14.705","14.788","14.405","-1.09%"
"Oct 26, 2018","14.635","14.626","14.796","14.575","0.00%"
"Oct 25, 2018","14.635","14.698","14.803","14.575","-0.36%"
"Oct 24, 2018","14.688","14.793","14.849","14.645","-0.31%"
"Oct 23, 2018","14.733","14.547","14.813","14.476","0.67%"
"Oct 22, 2018","14.635","14.655","14.714","14.495","-0.03%"
"Oct 19, 2018","14.639","14.620","14.764","14.556","0.44%"
"Oct 18, 2018","14.575","14.607","14.681","14.435","-0.27%"
"Oct 17, 2018","14.614","14.646","14.730","14.554","-0.42%"
"Oct 16, 2018","14.675","14.730","14.880","14.602","-0.12%"
"Oct 15, 2018","14.693","14.615","14.821","14.605","0.66%"
"Oct 12, 2018","14.597","14.624","14.750","14.516","0.08%"
"Oct 11, 2018","14.585","14.341","14.646","14.245","1.97%"
"Oct 10, 2018","14.303","14.389","14.475","14.254","-0.64%"
"Oct 09, 2018","14.395","14.345","14.461","14.245","0.21%"
"Oct 08, 2018","14.365","14.655","14.684","14.245","-1.81%"
"Oct 05, 2018","14.630","14.630","14.756","14.500","0.27%"
"Oct 04, 2018","14.590","14.650","14.800","14.520","-0.27%"
"Oct 03, 2018","14.630","14.730","14.873","14.620","-0.37%"
"Oct 02, 2018","14.685","14.506","14.954","14.445","1.28%"
"Oct 01, 2018","14.500","14.689","14.723","14.369","-1.02%"
"Sep 28, 2018","14.650","14.280","14.768","14.240","2.88%"
"Sep 27, 2018","14.240","14.352","14.498","14.180","-0.66%"
"Sep 26, 2018","14.335","14.485","14.555","14.305","-0.86%"
"Sep 25, 2018","14.460","14.277","14.597","14.240","1.38%"
"Sep 24, 2018","14.263","14.309","14.427","14.179","-0.25%"
"Sep 21, 2018","14.299","14.343","14.479","14.179","-0.04%"
"Sep 20, 2018","14.305","14.262","14.387","14.175","0.41%"
"Sep 19, 2018","14.246","14.165","14.384","14.164","0.66%"
"Sep 18, 2018","14.152","14.182","14.264","14.071","-0.30%"
"Sep 17, 2018","14.195","14.075","14.293","14.045","0.87%"
"Sep 14, 2018","14.073","14.193","14.315","14.053","-0.87%"
"Sep 13, 2018","14.197","14.291","14.386","14.165","-0.39%"
"Sep 12, 2018","14.253","14.152","14.323","14.063","0.82%"
"Sep 11, 2018","14.137","14.189","14.277","13.948","-0.34%"
"Sep 10, 2018","14.185","14.182","14.275","14.065","0.30%"
"Sep 07, 2018","14.143","14.171","14.298","14.093","-0.11%"
"Sep 06, 2018","14.158","14.205","14.341","14.108","-0.19%"
"Sep 05, 2018","14.185","14.110","14.257","14.075","0.39%"
"Sep 04, 2018","14.130","14.534","14.562","14.020","-2.62%"
"Sep 03, 2018","14.510","14.538","14.598","14.420","-0.10%"
"Aug 31, 2018","14.525","14.560","14.737","14.465","-0.30%"
"Aug 30, 2018","14.568","14.815","14.844","14.504","-1.31%"
"Aug 29, 2018","14.762","14.720","14.831","14.671","0.37%"
"Aug 28, 2018","14.707","14.915","15.041","14.674","-1.30%"
"Aug 27, 2018","14.900","14.886","14.963","14.755","0.57%"
"Aug 24, 2018","14.815","14.490","14.892","14.475","2.19%"
"Aug 23, 2018","14.498","14.766","14.796","14.440","-1.81%"
"Aug 22, 2018","14.765","14.759","14.914","14.686","-0.13%"
"Aug 21, 2018","14.784","14.761","14.882","14.709","0.18%"
"Aug 20, 2018","14.757","14.784","14.889","14.645","-0.29%"
"Aug 17, 2018","14.800","14.655","14.860","14.590","0.99%"
"Aug 16, 2018","14.655","14.465","14.877","14.345","1.40%"
"Aug 15, 2018","14.453","15.069","15.109","14.353","-3.55%"
"Aug 14, 2018","14.985","14.991","15.134","14.985","-0.07%"
"Aug 13, 2018","14.996","15.335","15.383","14.985","-2.05%"
"Aug 10, 2018","15.310","15.453","15.485","15.278","-0.96%"
"Aug 09, 2018","15.458","15.431","15.555","15.366","0.27%"
"Aug 08, 2018","15.417","15.361","15.497","15.273","0.27%"
"Aug 07, 2018","15.376","15.308","15.535","15.298","0.43%"
"Aug 06, 2018","15.310","15.471","15.538","15.280","-0.71%"
"Aug 03, 2018","15.420","15.341","15.593","15.250","0.55%"
"Aug 02, 2018","15.335","15.395","15.509","15.274","-0.38%"
"Aug 01, 2018","15.393","15.562","15.582","15.377","-0.94%"
"Jul 31, 2018","15.539","15.505","15.634","15.345","0.17%"
"Jul 30, 2018","15.512","15.481","15.577","15.381","0.05%"
"Jul 27, 2018","15.504","15.414","15.585","15.338","0.69%"
"Jul 26, 2018","15.397","15.572","15.696","15.370","-1.29%"
"Jul 25, 2018","15.599","15.483","15.672","15.442","0.76%"
"Jul 24, 2018","15.481","15.408","15.634","15.340","0.55%"
"Jul 23, 2018","15.397","15.509","15.588","15.339","-0.77%"
"Jul 20, 2018","15.517","15.342","15.585","15.255","1.37%"
"Jul 19, 2018","15.307","15.575","15.616","15.175","-1.66%"
"Jul 18, 2018","15.565","15.583","15.645","15.415","-0.19%"
"Jul 17, 2018","15.594","15.806","15.909","15.556","-1.24%"
"Jul 16, 2018","15.790","15.840","15.926","15.760","-0.18%"
"Jul 13, 2018","15.819","15.944","16.026","15.709","-0.79%"
"Jul 12, 2018","15.945","15.817","16.039","15.765","0.96%"
"Jul 11, 2018","15.794","16.077","16.107","15.780","-1.78%"
"Jul 10, 2018","16.081","16.114","16.197","15.905","-0.22%"
"Jul 09, 2018","16.116","16.049","16.259","16.044","0.49%"
"Jul 06, 2018","16.038","16.018","16.114","15.938","0.11%"
"Jul 05, 2018","16.020","16.090","16.138","15.920","-0.40%"
"Jul 04, 2018","16.084","16.055","16.188","15.979","0.23%"
"Jul 03, 2018","16.047","15.839","16.072","15.759","1.21%"
"Jul 02, 2018","15.855","16.115","16.152","15.755","-1.64%"
"Jun 29, 2018","16.119","15.995","16.199","15.959","0.74%"
"Jun 28, 2018","16.001","16.077","16.176","15.925","-0.30%"
"Jun 27, 2018","16.049","16.248","16.306","15.944","-1.51%"
"Jun 26, 2018","16.295","16.349","16.403","16.145","-0.24%"
"Jun 25, 2018","16.335","16.511","16.516","16.291","-0.86%"
"Jun 22, 2018","16.477","16.349","16.530","16.303","0.74%"
"Jun 21, 2018","16.356","16.314","16.410","16.210","0.38%"
"Jun 20, 2018","16.294","16.304","16.398","16.240","-0.16%"
"Jun 19, 2018","16.320","16.484","16.593","16.256","-0.64%"
"Jun 18, 2018","16.425","16.535","16.650","16.415","-0.80%"
"Jun 15, 2018","16.558","17.186","17.299","16.465","-3.60%"
"Jun 14, 2018","17.177","17.059","17.361","16.935","0.80%"
"Jun 13, 2018","17.041","16.871","17.153","16.801","1.09%"
"Jun 12, 2018","16.858","16.897","16.955","16.713","-0.43%"
"Jun 11, 2018","16.931","16.785","16.993","16.754","0.89%"
"Jun 08, 2018","16.781","16.730","16.876","16.625","0.45%"
"Jun 07, 2018","16.706","16.685","16.944","16.644","0.10%"
"Jun 06, 2018","16.689","16.513","16.783","16.508","1.15%"
"Jun 05, 2018","16.499","16.402","16.573","16.368","0.56%"
"Jun 04, 2018","16.407","16.423","16.588","16.373","0.04%"
"Jun 01, 2018","16.400","16.448","16.551","16.348","0.15%"
"May 31, 2018","16.375","16.507","16.620","16.375","-0.84%"
"May 30, 2018","16.514","16.387","16.558","16.284","0.55%"
"May 29, 2018","16.423","16.458","16.544","16.319","-0.32%"
"May 28, 2018","16.476","16.494","16.512","16.413","-0.19%"
"May 25, 2018","16.508","16.668","16.745","16.488","-0.93%"
"May 24, 2018","16.663","16.474","16.729","16.427","1.33%"
"May 23, 2018","16.445","16.543","16.608","16.335","-0.66%"
"May 22, 2018","16.554","16.520","16.706","16.441","0.21%"
"May 21, 2018","16.519","16.429","16.560","16.289","0.39%"
"May 18, 2018","16.455","16.463","16.504","16.375","0.09%"
"May 17, 2018","16.441","16.360","16.502","16.323","0.32%"
"May 16, 2018","16.388","16.277","16.464","16.210","0.70%"
"May 15, 2018","16.274","16.542","16.595","16.222","-1.55%"
"May 14, 2018","16.530","16.690","16.766","16.510","-0.82%"
"May 11, 2018","16.667","16.729","16.882","16.662","-0.29%"
"May 10, 2018","16.715","16.526","16.799","16.485","1.13%"
"May 09, 2018","16.529","16.509","16.669","16.378","0.30%"
"May 08, 2018","16.479","16.485","16.568","16.345","-0.05%"
"May 07, 2018","16.488","16.558","16.614","16.427","-0.18%"
"May 04, 2018","16.517","16.448","16.561","16.383","0.39%"
"May 03, 2018","16.453","16.404","16.632","16.384","0.51%"
"May 02, 2018","16.370","16.153","16.545","16.153","1.33%"
"May 01, 2018","16.155","16.347","16.381","16.079","-1.15%"
"Apr 30, 2018","16.343","16.535","16.578","16.215","-1.14%"
"Apr 27, 2018","16.532","16.529","16.604","16.456","0.05%"
"Apr 26, 2018","16.523","16.589","16.666","16.458","-0.13%"
"Apr 25, 2018","16.545","16.725","16.761","16.515","-1.14%"
"Apr 24, 2018","16.735","16.638","16.789","16.585","1.09%"
"Apr 23, 2018","16.555","17.135","17.144","16.555","-3.41%"
"Apr 20, 2018","17.140","17.241","17.285","17.050","-0.65%"
"Apr 19, 2018","17.253","17.215","17.398","17.134","0.33%"
"Apr 18, 2018","17.196","16.783","17.306","16.735","2.49%"
"Apr 17, 2018","16.779","16.672","16.836","16.591","0.81%"
"Apr 16, 2018","16.645","16.663","16.817","16.573","-0.11%"
"Apr 13, 2018","16.663","16.470","16.733","16.470","1.26%"
"Apr 12, 2018","16.455","16.701","16.717","16.449","-1.21%"
"Apr 11, 2018","16.657","16.578","16.895","16.538","0.53%"
"Apr 10, 2018","16.570","16.487","16.669","16.415","0.46%"
"Apr 09, 2018","16.494","16.453","16.602","16.346","0.65%"
"Apr 06, 2018","16.387","16.410","16.534","16.290","-0.05%"
"Apr 05, 2018","16.395","16.331","16.465","16.215","0.44%"
"Apr 04, 2018","16.323","16.436","16.576","16.276","-0.58%"
"Apr 03, 2018","16.418","16.608","16.661","16.385","-1.30%"
"Apr 02, 2018","16.635","16.365","16.704","16.365","1.65%"
"Mar 29, 2018","16.365","16.306","16.410","16.246","0.34%"
"Mar 28, 2018","16.310","16.581","16.616","16.280","-1.34%"
"Mar 27, 2018","16.531","16.725","16.849","16.495","-1.02%"
"Mar 26, 2018","16.701","16.615","16.834","16.555","0.81%"
"Mar 23, 2018","16.566","16.405","16.712","16.395","1.02%"
"Mar 22, 2018","16.398","16.587","16.645","16.367","-1.03%"
"Mar 21, 2018","16.568","16.204","16.698","16.204","2.27%"
"Mar 20, 2018","16.200","16.317","16.363","16.114","-0.83%"
"Mar 19, 2018","16.335","16.360","16.389","16.233","-0.07%"
"Mar 16, 2018","16.346","16.409","16.541","16.246","-0.30%"
"Mar 15, 2018","16.395","16.533","16.599","16.375","-0.87%"
"Mar 14, 2018","16.539","16.611","16.695","16.531","-0.28%"
"Mar 13, 2018","16.585","16.544","16.710","16.477","0.30%"
"Mar 12, 2018","16.535","16.642","16.657","16.465","-0.39%"
"Mar 09, 2018","16.599","16.498","16.692","16.363","0.62%"
"Mar 08, 2018","16.497","16.501","16.570","16.413","-0.02%"
"Mar 07, 2018","16.500","16.759","16.837","16.413","-1.52%"
"Mar 06, 2018","16.755","16.456","16.887","16.387","1.95%"
"Mar 05, 2018","16.434","16.524","16.604","16.343","-0.46%"
"Mar 02, 2018","16.510","16.485","16.597","16.390","0.24%"
"Mar 01, 2018","16.470","16.409","16.552","16.163","0.37%"
"Feb 28, 2018","16.409","16.424","16.513","16.334","-0.09%"
"Feb 27, 2018","16.423","16.661","16.700","16.323","-1.43%"
"Feb 26, 2018","16.662","16.509","16.770","16.474","0.73%"
"Feb 23, 2018","16.541","16.617","16.640","16.485","-0.45%"
"Feb 22, 2018","16.616","16.489","16.687","16.383","0.74%"
"Feb 21, 2018","16.494","16.463","16.770","16.373","0.18%"
"Feb 20, 2018","16.465","16.643","16.703","16.424","-1.19%"
"Feb 19, 2018","16.663","16.642","16.735","16.596","-0.05%"
"Feb 16, 2018","16.672","16.877","16.950","16.623","-1.21%"
"Feb 15, 2018","16.877","16.869","16.985","16.634","0.02%"
"Feb 14, 2018","16.873","16.553","16.936","16.373","1.83%"
"Feb 13, 2018","16.570","16.566","16.705","16.460","0.13%"
"Feb 12, 2018","16.549","16.347","16.624","16.313","1.18%"
"Feb 09, 2018","16.356","16.415","16.453","16.191","-0.36%"
"Feb 08, 2018","16.415","16.372","16.473","16.223","0.24%"
"Feb 07, 2018","16.376","16.637","16.780","16.264","-1.60%"
"Feb 06, 2018","16.642","16.744","16.991","16.564","-0.60%"
"Feb 05, 2018","16.742","16.625","16.910","16.544","0.88%"
"Feb 02, 2018","16.596","17.250","17.256","16.544","-3.79%"
"Feb 01, 2018","17.250","17.352","17.414","17.110","-0.46%"
"Jan 31, 2018","17.330","17.147","17.401","17.050","1.16%"
"Jan 30, 2018","17.131","17.160","17.319","17.049","-0.17%"
"Jan 29, 2018","17.160","17.372","17.485","17.084","-1.46%"
"Jan 26, 2018","17.415","17.295","17.559","17.225","0.67%"
"Jan 25, 2018","17.299","17.569","17.699","17.133","-1.54%"
"Jan 24, 2018","17.569","17.047","17.616","16.948","3.06%"
"Jan 23, 2018","17.048","17.013","17.099","16.733","0.21%"
"Jan 22, 2018","17.013","17.053","17.100","16.903","-0.07%"
"Jan 19, 2018","17.025","16.972","17.156","16.927","0.44%"
"Jan 18, 2018","16.950","17.027","17.148","16.910","-0.38%"
"Jan 17, 2018","17.014","17.198","17.293","16.973","-1.06%"
"Jan 16, 2018","17.197","17.311","17.393","16.901","-0.91%"
"Jan 15, 2018","17.355","17.205","17.428","17.175","0.57%"
"Jan 12, 2018","17.256","16.994","17.288","16.910","1.54%"
"Jan 11, 2018","16.995","16.992","17.067","16.905","0.18%"
"Jan 10, 2018","16.965","16.998","17.210","16.885","-0.03%"
"Jan 09, 2018","16.970","17.159","17.160","16.920","-1.01%"
"Jan 08, 2018","17.143","17.235","17.264","17.034","-0.49%"
"Jan 05, 2018","17.228","17.232","17.289","17.084","-0.02%"
"Jan 04, 2018","17.232","17.134","17.278","16.954","0.59%"
"Jan 03, 2018","17.131","17.192","17.241","17.012","-0.33%"
"Jan 02, 2018","17.188","16.974","17.209","16.913","1.02%"
"Jan 01, 2018","17.014","17.005","17.026","16.964","0.38%"
"Dec 29, 2017","16.949","16.844","17.114","16.778","0.63%"
"Dec 28, 2017","16.843","16.688","16.890","16.602","0.93%"
"Dec 27, 2017","16.688","16.544","16.727","16.453","0.89%"
"Dec 26, 2017","16.540","16.364","16.569","16.274","0.98%"
"Dec 25, 2017","16.380","16.380","16.380","16.380","0.06%"
"Dec 22, 2017","16.370","16.147","16.441","16.099","1.52%"
"Dec 21, 2017","16.125","16.199","16.271","16.075","-0.32%"
"Dec 20, 2017","16.177","16.142","16.266","16.013","0.20%"
"Dec 19, 2017","16.145","16.157","16.249","15.995","0.06%"
"Dec 18, 2017","16.135","16.000","16.173","15.953","0.50%"
"Dec 15, 2017","16.055","15.899","16.087","15.834","1.01%"
"Dec 14, 2017","15.895","16.088","16.150","15.765","-1.06%"
"Dec 13, 2017","16.066","15.724","16.148","15.593","2.16%"
"Dec 12, 2017","15.726","15.709","15.818","15.613","0.08%"
"Dec 11, 2017","15.714","15.803","15.889","15.653","-0.80%"
"Dec 08, 2017","15.841","15.729","15.896","15.678","0.71%"
"Dec 07, 2017","15.729","15.959","15.991","15.623","-1.50%"
"Dec 06, 2017","15.969","16.108","16.146","15.883","-0.91%"
"Dec 05, 2017","16.115","16.355","16.386","16.025","-1.41%"
"Dec 04, 2017","16.345","16.321","16.453","16.245","-0.57%"
"Dec 01, 2017","16.439","16.436","16.558","16.224","-0.04%"
"Nov 30, 2017","16.445","16.554","16.617","16.325","-0.53%"
"Nov 29, 2017","16.532","16.858","16.922","16.503","-1.89%"
"Nov 28, 2017","16.850","17.070","17.137","16.750","-1.17%"
"Nov 27, 2017","17.050","17.000","17.217","16.990","0.26%"
"Nov 24, 2017","17.005","17.069","17.183","16.985","-0.51%"
"Nov 23, 2017","17.093","17.188","17.197","17.047","-0.34%"
"Nov 22, 2017","17.152","16.965","17.169","16.912","1.10%"
"Nov 21, 2017","16.965","16.946","17.080","16.885","0.21%"
"Nov 20, 2017","16.930","17.310","17.320","16.850","-2.18%"
"Nov 17, 2017","17.308","17.082","17.375","17.003","1.32%"
"Nov 16, 2017","17.082","16.991","17.131","16.942","0.52%"
"Nov 15, 2017","16.994","17.027","17.203","16.924","-0.24%"
"Nov 14, 2017","17.035","17.071","17.120","16.885","-0.06%"
"Nov 13, 2017","17.046","16.843","17.076","16.814","0.86%"
"Nov 10, 2017","16.901","16.997","17.105","16.784","-0.56%"
"Nov 09, 2017","16.997","17.040","17.148","16.913","-0.22%"
"Nov 08, 2017","17.035","16.979","17.272","16.925","0.47%"
"Nov 07, 2017","16.955","17.234","17.273","16.903","-1.59%"
"Nov 06, 2017","17.229","16.816","17.262","16.782","2.26%"
"Nov 03, 2017","16.849","17.117","17.221","16.805","-1.54%"
"Nov 02, 2017","17.113","17.169","17.277","17.047","-0.19%"
"Nov 01, 2017","17.145","16.735","17.220","16.645","2.60%"
"Oct 31, 2017","16.710","16.849","16.917","16.620","-0.86%"
"Oct 30, 2017","16.855","16.823","16.918","16.695","-0.02%"
"Oct 27, 2017","16.858","16.788","16.910","16.628","0.40%"
"Oct 26, 2017","16.791","16.977","17.078","16.767","-0.97%"
"Oct 25, 2017","16.956","16.997","17.084","16.826","-0.07%"
"Oct 24, 2017","16.968","17.098","17.170","16.878","-0.71%"
"Oct 23, 2017","17.090","17.061","17.154","16.884","0.29%"
"Oct 20, 2017","17.041","17.251","17.334","16.948","-1.21%"
"Oct 19, 2017","17.249","17.005","17.333","16.937","1.43%"
"Oct 18, 2017","17.005","17.012","17.129","16.895","-0.16%"
"Oct 17, 2017","17.032","17.235","17.294","16.965","-1.15%"
"Oct 16, 2017","17.230","17.390","17.509","17.134","-0.98%"
"Oct 13, 2017","17.400","17.234","17.460","17.190","1.05%"
"Oct 12, 2017","17.220","17.180","17.312","17.140","0.29%"
"Oct 11, 2017","17.170","17.104","17.246","17.020","0.31%"
"Oct 10, 2017","17.117","16.953","17.288","16.951","0.93%"
"Oct 09, 2017","16.960","16.820","17.012","16.790","0.81%"
"Oct 06, 2017","16.823","16.624","16.908","16.344","1.22%"
"Oct 05, 2017","16.620","16.593","16.785","16.565","-0.05%"
"Oct 04, 2017","16.628","16.643","16.938","16.576","-0.08%"
"Oct 03, 2017","16.642","16.591","16.713","16.556","0.33%"
"Oct 02, 2017","16.587","16.652","16.773","16.555","-0.40%"
"Sep 29, 2017","16.653","16.870","16.928","16.644","-1.23%"
"Sep 28, 2017","16.860","16.770","16.924","16.670","0.51%"
"Sep 27, 2017","16.774","16.813","16.942","16.724","0.01%"
"Sep 26, 2017","16.773","17.137","17.250","16.767","-2.40%"
"Sep 25, 2017","17.186","16.974","17.186","16.805","1.12%"
"Sep 22, 2017","16.995","16.994","17.105","16.913","0.07%"
"Sep 21, 2017","16.983","17.160","17.209","16.832","-1.08%"
"Sep 20, 2017","17.168","17.296","17.436","16.959","-0.93%"
"Sep 19, 2017","17.330","17.167","17.336","17.090","0.67%"
"Sep 18, 2017","17.215","17.600","17.626","17.035","-2.13%"
"Sep 15, 2017","17.590","17.800","17.860","17.552","-1.12%"
"Sep 14, 2017","17.790","17.771","17.843","17.637","0.12%"
"Sep 13, 2017","17.768","17.910","18.000","17.660","-0.90%"
"Sep 12, 2017","17.930","17.793","17.930","17.690","0.70%"
"Sep 11, 2017","17.805","17.805","17.921","17.695","-0.93%"
"Sep 08, 2017","17.973","18.151","18.256","17.928","-0.79%"
"Sep 07, 2017","18.116","17.909","18.192","17.799","1.36%"
"Sep 06, 2017","17.873","17.933","18.037","17.823","-0.12%"
"Sep 05, 2017","17.895","17.903","18.007","17.765","-0.11%"
"Sep 04, 2017","17.915","17.800","17.970","17.765","1.03%"
"Sep 01, 2017","17.733","17.614","17.800","17.488","0.68%"
"Aug 31, 2017","17.614","17.433","17.668","17.288","1.09%"
"Aug 30, 2017","17.424","17.404","17.523","17.320","0.21%"
"Aug 29, 2017","17.387","17.483","17.709","17.294","-0.37%"
"Aug 28, 2017","17.452","17.098","17.514","17.022","2.26%"
"Aug 25, 2017","17.066","16.972","17.194","16.776","0.54%"
"Aug 24, 2017","16.975","17.082","17.147","16.844","-0.53%"
"Aug 23, 2017","17.065","17.015","17.152","16.920","0.38%"
"Aug 22, 2017","17.000","17.032","17.145","16.884","-0.09%"
"Aug 21, 2017","17.015","16.973","17.172","16.843","0.21%"
"Aug 18, 2017","16.980","17.047","17.360","16.938","-0.32%"
"Aug 17, 2017","17.035","17.159","17.218","16.983","-0.51%"
"Aug 16, 2017","17.123","16.643","17.180","16.633","2.93%"
"Aug 15, 2017","16.636","17.064","17.111","16.593","-2.51%"
"Aug 14, 2017","17.064","17.114","17.265","16.934","-0.26%"
"Aug 11, 2017","17.109","17.164","17.246","16.936","-0.09%"
"Aug 10, 2017","17.124","16.983","17.289","16.871","1.07%"
"Aug 09, 2017","16.943","16.458","16.996","16.457","2.94%"
"Aug 08, 2017","16.459","16.293","16.520","16.232","1.14%"
"Aug 07, 2017","16.274","16.277","16.340","16.137","-0.04%"
"Aug 04, 2017","16.280","16.681","16.800","16.220","-2.26%"
"Aug 03, 2017","16.657","16.616","16.738","16.463","0.40%"
"Aug 02, 2017","16.590","16.740","16.938","16.480","-0.80%"
"Aug 01, 2017","16.723","16.838","16.878","16.613","-0.64%"
"Jul 31, 2017","16.830","16.796","16.920","16.680","0.74%"
"Jul 28, 2017","16.707","16.593","16.802","16.527","0.83%"
"Jul 27, 2017","16.570","16.669","16.861","16.550","-0.54%"
"Jul 26, 2017","16.660","16.478","16.737","16.320","0.97%"
"Jul 25, 2017","16.500","16.510","16.680","16.270","0.09%"
"Jul 24, 2017","16.485","16.552","16.629","16.420","-0.15%"
"Jul 21, 2017","16.510","16.314","16.564","16.305","1.10%"
"Jul 20, 2017","16.330","16.283","16.461","16.140","0.31%"
"Jul 19, 2017","16.280","16.259","16.402","16.180","-0.06%"
"Jul 18, 2017","16.290","16.136","16.375","16.090","1.12%"
"Jul 17, 2017","16.110","16.038","16.238","15.980","0.78%"
"Jul 14, 2017","15.985","15.689","16.121","15.605","1.79%"
"Jul 13, 2017","15.704","15.934","16.029","15.704","-1.36%"
"Jul 12, 2017","15.920","15.840","16.067","15.760","0.63%"
"Jul 11, 2017","15.820","15.667","15.907","15.464","1.05%"
"Jul 10, 2017","15.655","15.639","15.766","15.185","0.22%"
"Jul 07, 2017","15.620","16.070","16.216","14.900","-2.65%"
"Jul 06, 2017","16.045","16.063","16.151","15.935","-0.28%"
"Jul 05, 2017","16.090","16.090","16.263","15.880","-0.03%"
"Jul 04, 2017","16.095","16.135","16.230","16.015","-0.25%"
"Jul 03, 2017","16.135","16.678","16.692","16.065","-2.86%"
"Jun 30, 2017","16.610","16.670","16.743","16.520","-0.09%"
"Jun 29, 2017","16.625","16.815","16.936","16.585","-1.07%"
"Jun 28, 2017","16.805","16.680","16.903","16.675","0.63%"
"Jun 27, 2017","16.700","16.610","16.796","16.530","0.61%"
"Jun 26, 2017","16.598","16.782","16.785","16.433","-0.79%"
"Jun 23, 2017","16.730","16.550","16.830","16.550","0.97%"
"Jun 22, 2017","16.570","16.512","16.723","16.473","0.57%"
"Jun 21, 2017","16.476","16.498","16.578","16.369","-0.18%"
"Jun 20, 2017","16.505","16.495","16.687","16.415","0.06%"
"Jun 19, 2017","16.495","16.733","16.752","16.483","-0.75%"
"Jun 16, 2017","16.620","16.791","16.872","16.620","-0.78%"
"Jun 15, 2017","16.750","16.900","17.126","16.680","-0.95%"
"Jun 14, 2017","16.910","16.825","17.358","16.810","0.06%"
"Jun 13, 2017","16.900","16.960","17.009","16.720","-0.50%"
"Jun 12, 2017","16.985","17.279","17.302","16.866","-1.25%"
"Jun 09, 2017","17.200","17.472","17.509","17.170","-1.23%"
"Jun 08, 2017","17.415","17.561","17.726","17.305","-0.99%"
"Jun 07, 2017","17.590","17.738","17.768","17.520","-0.68%"
"Jun 06, 2017","17.710","17.588","17.790","17.525","0.92%"
"Jun 05, 2017","17.549","17.595","17.691","17.503","0.02%"
"Jun 02, 2017","17.545","17.301","17.622","17.133","1.44%"
"Jun 01, 2017","17.296","17.360","17.419","16.998","-0.19%"
"May 31, 2017","17.329","17.390","17.471","17.233","-0.43%"
"May 30, 2017","17.404","17.463","17.515","17.223","0.05%"
"May 29, 2017","17.395","17.392","17.470","17.285","0.13%"
"May 26, 2017","17.372","17.142","17.407","17.082","1.24%"
"May 25, 2017","17.160","17.257","17.302","17.140","-0.41%"
"May 24, 2017","17.231","17.096","17.274","16.893","0.94%"
"May 23, 2017","17.070","17.147","17.345","17.050","-0.52%"
"May 22, 2017","17.160","16.825","17.251","16.815","1.75%"
"May 19, 2017","16.865","16.620","16.926","16.585","1.72%"
"May 18, 2017","16.580","16.905","16.998","16.470","-1.79%"
"May 17, 2017","16.883","16.828","17.067","16.762","0.17%"
"May 16, 2017","16.855","16.630","16.901","16.630","1.35%"
"May 15, 2017","16.630","16.542","16.855","16.440","1.00%"
"May 12, 2017","16.465","16.300","16.492","16.288","0.83%"
"May 11, 2017","16.330","16.238","16.433","16.160","0.86%"
"May 10, 2017","16.190","16.228","16.387","16.150","0.03%"
"May 09, 2017","16.185","16.235","16.362","16.055","-0.53%"
"May 08, 2017","16.271","16.291","16.486","16.227","-0.42%"
"May 05, 2017","16.340","16.358","16.558","16.230","0.09%"
"May 04, 2017","16.325","16.509","16.674","16.215","-0.67%"
"May 03, 2017","16.435","16.884","16.928","16.415","-2.40%"
"May 02, 2017","16.840","16.865","17.041","16.790","-0.24%"
"May 01, 2017","16.880","17.242","17.302","16.820","-2.03%"
"Apr 28, 2017","17.230","17.252","17.458","17.160","-0.17%"
"Apr 27, 2017","17.260","17.510","17.532","17.230","-1.37%"
"Apr 26, 2017","17.500","17.627","17.690","17.320","-0.54%"
"Apr 25, 2017","17.595","17.987","18.047","17.555","-1.92%"
"Apr 24, 2017","17.940","17.831","17.979","17.690","0.07%"
"Apr 21, 2017","17.927","18.057","18.088","17.817","-0.63%"
"Apr 20, 2017","18.040","18.170","18.269","17.870","-0.44%"
"Apr 19, 2017","18.120","18.346","18.371","18.100","-0.97%"
"Apr 18, 2017","18.297","18.424","18.477","18.113","-0.67%"
"Apr 17, 2017","18.420","18.647","18.689","18.380","-0.67%"
"Apr 14, 2017","18.545","18.535","18.545","18.535","0.03%"
"Apr 13, 2017","18.540","18.518","18.639","18.430","0.22%"
"Apr 12, 2017","18.500","18.319","18.560","18.250","0.87%"
"Apr 11, 2017","18.340","17.951","18.377","17.910","2.17%"
"Apr 10, 2017","17.950","17.969","18.066","17.750","-0.31%"
"Apr 07, 2017","18.005","18.283","18.515","17.895","-1.42%"
"Apr 06, 2017","18.265","18.329","18.380","18.155","-0.25%"
"Apr 05, 2017","18.310","18.300","18.354","18.140","-0.05%"
"Apr 04, 2017","18.320","18.310","18.452","18.230","0.33%"
"Apr 03, 2017","18.260","18.274","18.301","18.090","0.00%"
"Mar 31, 2017","18.260","18.130","18.306","18.050","0.77%"
"Mar 30, 2017","18.120","18.223","18.334","18.070","-0.69%"
"Mar 29, 2017","18.245","18.218","18.293","18.025","0.30%"
"Mar 28, 2017","18.190","18.077","18.275","17.995","0.44%"
"Mar 27, 2017","18.110","17.830","18.164","17.815","1.91%"
"Mar 24, 2017","17.770","17.603","17.798","17.520","1.11%"
"Mar 23, 2017","17.575","17.549","17.725","17.495","0.20%"
"Mar 22, 2017","17.540","17.577","17.625","17.450","0.03%"
"Mar 21, 2017","17.535","17.455","17.631","17.315","0.49%"
"Mar 20, 2017","17.450","17.425","17.495","17.360","0.50%"
"Mar 17, 2017","17.364","17.340","17.456","17.256","0.25%"
"Mar 16, 2017","17.320","17.368","17.601","17.250","-0.12%"
"Mar 15, 2017","17.340","16.915","17.394","16.840","2.73%"
"Mar 14, 2017","16.880","16.999","17.092","16.870","-0.59%"
"Mar 13, 2017","16.980","17.060","17.184","16.940","-0.29%"
"Mar 10, 2017","17.029","16.944","17.090","16.784","0.47%"
"Mar 09, 2017","16.949","17.233","17.292","16.914","-1.68%"
"Mar 08, 2017","17.238","17.489","17.549","17.195","-1.44%"
"Mar 07, 2017","17.489","17.785","17.791","17.444","-1.68%"
"Mar 06, 2017","17.787","17.945","17.951","17.674","-0.99%"
"Mar 03, 2017","17.965","17.762","17.980","17.604","1.13%"
"Mar 02, 2017","17.764","18.412","18.439","17.645","-3.54%"
"Mar 01, 2017","18.415","18.310","18.464","18.195","0.57%"
"Feb 28, 2017","18.310","18.258","18.461","18.214","0.25%"
"Feb 27, 2017","18.264","18.360","18.488","18.195","-0.50%"
"Feb 24, 2017","18.355","18.195","18.412","18.125","0.93%"
"Feb 23, 2017","18.185","18.048","18.250","17.915","0.88%"
"Feb 22, 2017","18.027","17.965","18.058","17.895","0.35%"
"Feb 21, 2017","17.965","18.056","18.111","17.825","-0.39%"
"Feb 20, 2017","18.035","18.015","18.094","17.905","0.25%"
"Feb 17, 2017","17.990","18.108","18.113","17.960","-0.57%"
"Feb 16, 2017","18.093","17.989","18.142","17.915","0.61%"
"Feb 15, 2017","17.983","17.957","17.988","17.713","0.16%"
"Feb 14, 2017","17.955","17.821","18.080","17.716","0.79%"
"Feb 13, 2017","17.815","17.935","18.029","17.735","-0.77%"
"Feb 10, 2017","17.953","17.672","18.006","17.486","1.63%"
"Feb 09, 2017","17.665","17.820","17.870","17.615","-0.76%"
"Feb 08, 2017","17.800","17.700","17.889","17.605","0.51%"
"Feb 07, 2017","17.709","17.752","17.794","17.515","-0.23%"
"Feb 06, 2017","17.750","17.520","17.769","17.440","1.46%"
"Feb 03, 2017","17.495","17.500","17.576","17.265","0.14%"
"Feb 02, 2017","17.470","17.570","17.771","17.410","-0.34%"
"Feb 01, 2017","17.530","17.570","17.656","17.340","-0.20%"
"Jan 31, 2017","17.565","17.160","17.646","17.105","2.54%"
"Jan 30, 2017","17.130","17.175","17.286","17.030","-0.06%"
"Jan 27, 2017","17.140","16.806","17.243","16.610","2.08%"
"Jan 26, 2017","16.790","17.000","17.060","16.670","-1.18%"
"Jan 25, 2017","16.990","17.140","17.154","16.770","-0.67%"
"Jan 24, 2017","17.105","17.241","17.314","17.025","-0.70%"
"Jan 23, 2017","17.225","17.116","17.276","17.035","0.88%"
"Jan 20, 2017","17.075","17.021","17.160","16.797","0.36%"
"Jan 19, 2017","17.014","17.047","17.114","16.714","-0.18%"
"Jan 18, 2017","17.045","17.212","17.354","17.005","-0.81%"
"Jan 17, 2017","17.185","16.840","17.229","16.785","2.23%"
"Jan 16, 2017","16.810","16.906","16.974","16.807","0.00%"
"Jan 13, 2017","16.810","16.788","16.857","16.570","0.23%"
"Jan 12, 2017","16.772","16.744","16.987","16.675","0.19%"
"Jan 11, 2017","16.740","16.808","16.879","16.500","-0.30%"
"Jan 10, 2017","16.791","16.567","16.907","16.514","1.35%"
"Jan 09, 2017","16.568","16.482","16.700","16.375","0.41%"
"Jan 06, 2017","16.500","16.600","16.691","16.270","-0.54%"
"Jan 05, 2017","16.590","16.457","16.735","16.400","0.88%"
"Jan 04, 2017","16.445","16.310","16.546","16.255","0.95%"
"Jan 03, 2017","16.290","15.920","16.510","15.890","1.94%"
"Jan 02, 2017","15.980","15.940","15.990","15.930","0.26%"