"Date","Close","Open","High","Low","Change %"
"2022-Jan-28","87.79","87.83","89.31","86.93","-0.08%"
"2022-Jan-27","87.86","87.84","89.05","86.70","-0.03%"
"2022-Jan-26","87.89","85.84","88.46","85.50","2.36%"
"2022-Jan-25","85.86","84.72","86.23","83.52","1.37%"
"2022-Jan-24","84.70","86.39","86.64","82.44","-1.96%"
"2022-Jan-23","86.39","85.52","86.42","85.30","1.12%"
"2022-Jan-21","85.43","84.67","86.16","83.38","0.90%"
"2022-Jan-20","84.67","85.61","87.71","84.59","-1.06%"
"2022-Jan-19","85.58","86.75","87.42","85.56","-1.35%"
"2022-Jan-18","86.75","84.33","86.94","84.22","2.87%"
"2022-Jan-17","84.33","84.49","84.62","83.58","-0.20%"
"2022-Jan-16","84.50","84.50","84.75","84.33","0.18%"
"2022-Jan-14","84.35","82.02","84.49","81.78","2.83%"
"2022-Jan-13","82.03","82.86","83.04","81.61","-1.00%"
"2022-Jan-12","82.86","81.42","83.21","81.28","1.77%"
"2022-Jan-11","81.42","78.72","81.72","78.50","3.46%"
"2022-Jan-10","78.70","78.72","79.58","77.98","0.00%"
"2022-Jan-09","78.70","79.03","79.23","78.50","-0.47%"
"2022-Jan-07","79.07","79.67","80.64","78.72","-0.78%"
"2022-Jan-06","79.69","77.38","80.43","76.92","2.97%"
"2022-Jan-05","77.39","77.23","78.76","76.72","0.18%"
"2022-Jan-04","77.25","76.19","77.84","75.92","1.42%"
"2022-Jan-03","76.17","76.05","76.65","74.50","0.18%"
"2022-Jan-02","76.03","75.83","76.12","75.83","0.53%"
"2021-Dec-31","75.63","76.59","77.33","75.22","-1.28%"
"2021-Dec-30","76.61","76.81","77.71","76.06","-0.30%"
"2021-Dec-29","76.84","76.41","77.66","75.67","0.55%"
"2021-Dec-28","76.42","76.11","77.22","75.83","0.37%"
"2021-Dec-27","76.14","73.62","76.40","72.88","3.44%"
"2021-Dec-26","73.61","73.69","73.77","73.39","-0.61%"
"2021-Dec-23","74.06","73.42","74.31","72.64","0.87%"
"2021-Dec-22","73.42","71.61","73.56","71.22","2.53%"
"2021-Dec-21","71.61","69.58","71.91","68.92","2.95%"
"2021-Dec-20","69.56","69.64","69.89","66.48","-0.07%"
"2021-Dec-19","69.61","70.28","70.28","69.20","-1.30%"
"2021-Dec-17","70.53","72.09","72.45","70.16","-2.15%"
"2021-Dec-16","72.08","71.81","73.17","71.28","0.35%"
"2021-Dec-15","71.83","70.55","71.94","69.64","1.87%"
"2021-Dec-14","70.51","71.48","72.22","69.76","-1.34%"
"2021-Dec-13","71.47","72.73","73.22","70.94","-1.72%"
"2021-Dec-12","72.72","72.34","72.78","72.28","0.62%"
"2021-Dec-10","72.27","70.86","72.63","70.66","2.02%"
"2021-Dec-09","70.84","72.93","73.67","70.72","-2.88%"
"2021-Dec-08","72.94","72.22","73.37","71.28","1.00%"
"2021-Dec-07","72.22","70.14","73.41","70.06","2.94%"
"2021-Dec-06","70.16","67.94","70.56","67.70","3.25%"
"2021-Dec-05","67.95","67.25","68.05","67.25","1.81%"
"2021-Dec-03","66.74","67.83","69.69","66.08","-1.62%"
"2021-Dec-02","67.84","66.75","68.45","62.98","1.60%"
"2021-Dec-01","66.77","67.48","70.03","65.38","-1.04%"
"2021-Nov-30","67.47","71.44","71.78","64.98","-5.53%"
"2021-Nov-29","71.42","72.02","73.56","69.52","-0.81%"
"2021-Nov-28","72.00","70.16","72.31","70.16","4.51%"
"2021-Nov-26","68.89","78.19","78.33","68.08","-11.87%"
"2021-Nov-25","78.17","79.19","79.47","78.06","-1.26%"
"2021-Nov-24","79.17","79.08","80.06","78.83","0.11%"
"2021-Nov-23","79.08","77.25","79.74","76.14","2.36%"
"2021-Nov-22","77.26","76.44","78.05","76.03","1.10%"
"2021-Nov-21","76.42","76.64","76.64","75.66","-0.27%"
"2021-Nov-19","76.63","79.30","80.34","76.09","-3.38%"
"2021-Nov-18","79.31","78.55","79.83","77.47","0.99%"
"2021-Nov-17","78.53","80.61","80.61","78.01","-2.58%"
"2021-Nov-16","80.61","80.81","81.81","80.09","-0.24%"
"2021-Nov-15","80.80","81.00","81.09","79.42","-0.27%"
"2021-Nov-14","81.02","80.92","81.19","80.86","0.27%"
"2021-Nov-12","80.80","81.50","81.73","79.94","-0.86%"
"2021-Nov-11","81.50","81.72","82.47","80.39","-0.27%"
"2021-Nov-10","81.72","84.84","84.91","81.00","-3.67%"
"2021-Nov-09","84.83","82.25","85.14","82.00","3.12%"
"2021-Nov-08","82.26","81.75","82.89","81.55","0.60%"
"2021-Nov-07","81.77","81.36","81.97","81.36","0.41%"
"2021-Nov-05","81.44","80.05","82.07","79.25","1.74%"
"2021-Nov-04","80.05","80.67","83.70","78.57","-0.76%"
"2021-Nov-03","80.66","83.26","83.31","80.02","-3.15%"
"2021-Nov-02","83.28","84.22","84.77","82.89","-1.13%"
"2021-Nov-01","84.23","83.36","85.25","83.17","1.07%"
"2021-Oct-31","83.34","83.47","83.59","83.11","-0.39%"
"2021-Oct-29","83.67","83.19","84.17","81.84","0.61%"
"2021-Oct-28","83.16","82.66","83.66","81.11","0.59%"
"2021-Oct-27","82.67","84.75","84.97","82.48","-2.40%"
"2021-Oct-26","84.70","84.31","85.36","83.47","0.46%"
"2021-Oct-25","84.31","84.58","85.92","83.89","-0.32%"
"2021-Oct-24","84.58","84.53","84.78","84.28","0.02%"
"2021-Oct-22","84.56","82.89","84.79","82.33","2.03%"
"2021-Oct-21","82.88","84.20","84.53","81.38","-1.63%"
"2021-Oct-20","84.25","83.16","84.36","81.39","1.36%"
"2021-Oct-19","83.12","82.23","83.61","81.70","1.06%"
"2021-Oct-18","82.25","83.03","83.83","81.85","-0.90%"
"2021-Oct-17","83.00","82.64","83.17","82.64","0.52%"
"2021-Oct-15","82.57","81.77","82.67","81.64","0.97%"
"2021-Oct-14","81.78","80.83","81.91","80.48","1.18%"
"2021-Oct-13","80.83","80.40","81.11","79.50","0.56%"
"2021-Oct-12","80.38","80.50","81.69","79.56","-0.12%"
"2021-Oct-11","80.48","79.77","82.25","79.72","0.88%"
"2021-Oct-10","79.78","79.70","80.39","79.70","0.13%"
"2021-Oct-08","79.68","78.92","80.22","78.75","0.94%"
"2021-Oct-07","78.94","77.28","79.05","75.09","2.11%"
"2021-Oct-06","77.31","79.14","79.91","76.96","-2.29%"
"2021-Oct-05","79.12","77.70","79.61","77.61","1.84%"
"2021-Oct-04","77.69","76.00","78.51","75.47","2.26%"
"2021-Oct-03","75.97","76.12","76.27","75.88","0.12%"
"2021-Oct-01","75.88","75.45","76.14","74.39","0.58%"
"2021-Sep-30","75.44","74.83","76.24","73.33","0.77%"
"2021-Sep-29","74.86","74.64","75.96","73.92","0.29%"
"2021-Sep-28","74.64","75.59","76.86","74.44","-1.24%"
"2021-Sep-27","75.58","75.02","75.94","74.78","0.73%"
"2021-Sep-26","75.03","74.47","75.03","74.38","1.12%"
"2021-Sep-24","74.20","73.52","74.48","73.03","0.95%"
"2021-Sep-23","73.50","72.17","73.72","71.84","1.81%"
"2021-Sep-22","72.19","70.95","72.53","70.88","1.72%"
"2021-Sep-21","70.97","70.89","71.70","69.64","0.11%"
"2021-Sep-20","70.89","71.76","71.89","69.97","-1.20%"
"2021-Sep-19","71.75","72.03","72.16","71.61","-0.47%"
"2021-Sep-17","72.09","72.61","72.73","71.31","-0.72%"
"2021-Sep-16","72.61","72.56","73.00","71.59","0.03%"
"2021-Sep-15","72.59","70.88","73.16","70.72","2.47%"
"2021-Sep-14","70.84","70.67","71.25","70.04","0.21%"
"2021-Sep-13","70.69","70.17","71.03","69.89","0.74%"
"2021-Sep-12","70.17","69.69","70.22","69.58","0.60%"
"2021-Sep-10","69.75","68.03","70.03","67.78","2.53%"
"2021-Sep-09","68.03","69.31","69.97","67.67","-1.88%"
"2021-Sep-08","69.33","68.55","69.84","68.44","1.17%"
"2021-Sep-07","68.53","68.92","69.50","67.75","-0.52%"
"2021-Sep-06","68.89","68.86","69.58","68.36","0.04%"
"2021-Sep-05","68.86","69.27","69.36","68.83","-0.56%"
"2021-Sep-03","69.25","69.88","70.64","69.23","-0.87%"
"2021-Sep-02","69.86","68.33","70.75","67.98","2.22%"
"2021-Sep-01","68.34","68.64","69.38","67.27","-0.44%"
"2021-Aug-31","68.64","69.28","69.48","68.33","-0.92%"
"2021-Aug-30","69.28","69.52","69.52","67.83","-0.32%"
"2021-Aug-29","69.50","69.47","69.77","69.05","0.89%"
"2021-Aug-27","68.89","68.00","69.22","67.69","1.31%"
"2021-Aug-26","68.00","68.14","68.47","67.22","-0.25%"
"2021-Aug-25","68.17","67.56","68.72","67.12","0.83%"
"2021-Aug-24","67.61","65.72","67.99","65.61","2.86%"
"2021-Aug-23","65.73","62.49","66.18","62.49","5.15%"
"2021-Aug-22","62.51","62.03","62.63","61.98","0.73%"
"2021-Aug-20","62.06","63.84","64.23","62.05","-2.82%"
"2021-Aug-19","63.86","64.77","64.77","62.63","-1.30%"
"2021-Aug-18","64.70","66.61","67.52","64.38","-2.84%"
"2021-Aug-17","66.59","67.61","67.73","66.38","-1.55%"
"2021-Aug-16","67.64","68.13","68.18","65.80","-0.70%"
"2021-Aug-15","68.12","67.97","68.31","67.88","0.03%"
"2021-Aug-13","68.10","68.92","69.29","67.88","-1.18%"
"2021-Aug-12","68.91","69.42","69.70","68.56","-0.69%"
"2021-Aug-11","69.39","68.58","69.52","66.77","1.18%"
"2021-Aug-10","68.58","67.08","68.98","66.67","2.28%"
"2021-Aug-09","67.05","67.27","67.34","65.26","-0.37%"
"2021-Aug-08","67.30","67.94","67.95","66.81","-1.06%"
"2021-Aug-06","68.02","69.17","70.31","67.95","-1.66%"
"2021-Aug-05","69.17","68.25","69.49","67.76","1.35%"
"2021-Aug-04","68.25","70.58","70.95","68.01","-3.27%"
"2021-Aug-03","70.56","71.58","72.11","69.39","-1.40%"
"2021-Aug-02","71.56","73.91","73.94","70.75","-3.19%"
"2021-Aug-01","73.92","74.02","74.11","73.91","-0.03%"
"2021-Jul-30","73.94","73.53","74.44","73.16","0.57%"
"2021-Jul-29","73.52","72.62","73.89","72.48","1.21%"
"2021-Jul-28","72.64","72.23","72.83","71.94","0.58%"
"2021-Jul-27","72.22","72.31","72.56","71.33","-0.15%"
"2021-Jul-26","72.33","72.39","72.55","70.83","-0.17%"
"2021-Jul-23","72.45","72.00","72.46","71.69","0.62%"
"2021-Jul-22","72.00","70.53","72.31","70.14","2.08%"
"2021-Jul-21","70.53","67.06","70.80","66.78","5.22%"
"2021-Jul-20","67.03","67.17","67.89","65.38","-0.24%"
"2021-Jul-19","67.19","71.42","71.44","65.89","-5.92%"
"2021-Jul-18","71.42","71.36","71.69","71.00","-0.14%"
"2021-Jul-16","71.52","71.42","72.34","70.47","0.11%"
"2021-Jul-15","71.44","72.88","73.00","71.38","-1.95%"
"2021-Jul-14","72.86","75.11","75.53","72.34","-3.01%"
"2021-Jul-13","75.12","74.34","75.59","73.78","1.06%"
"2021-Jul-12","74.33","74.81","74.91","73.28","-0.67%"
"2021-Jul-11","74.83","74.97","74.97","74.75","0.07%"
"2021-Jul-09","74.78","73.36","74.92","72.89","1.89%"
"2021-Jul-08","73.39","72.28","73.50","70.94","1.54%"
"2021-Jul-07","72.28","73.75","75.06","71.27","-2.02%"
"2021-Jul-06","73.77","76.45","77.17","73.15","-3.49%"
"2021-Jul-05","76.44","75.34","76.59","74.97","1.43%"
"2021-Jul-04","75.36","75.42","75.50","75.20","0.09%"
"2021-Jul-02","75.29","75.25","75.81","74.68","0.01%"
"2021-Jul-01","75.28","73.75","76.48","73.66","2.05%"
"2021-Jun-30","73.77","73.72","74.39","73.09","0.07%"
"2021-Jun-29","73.72","73.16","74.08","72.26","0.75%"
"2021-Jun-28","73.17","74.45","74.75","72.92","-1.71%"
"2021-Jun-27","74.44","74.33","74.47","74.29","0.13%"
"2021-Jun-25","74.34","73.61","74.51","73.19","1.02%"
"2021-Jun-24","73.59","73.51","73.94","72.67","0.10%"
"2021-Jun-23","73.52","73.20","74.60","73.17","0.45%"
"2021-Jun-22","73.19","73.39","73.83","72.83","-0.30%"
"2021-Jun-21","73.41","71.81","73.64","71.16","2.19%"
"2021-Jun-20","71.84","71.50","71.97","71.50","0.63%"
"2021-Jun-18","71.39","70.88","72.16","70.16","0.68%"
"2021-Jun-17","70.91","71.55","72.29","69.77","-0.78%"
"2021-Jun-16","71.47","72.40","72.96","71.41","-1.27%"
"2021-Jun-15","72.39","71.05","72.49","70.81","1.91%"
"2021-Jun-14","71.03","70.94","71.76","70.72","0.11%"
"2021-Jun-13","70.95","70.78","71.03","70.73","0.23%"
"2021-Jun-11","70.79","70.14","71.22","69.67","0.88%"
"2021-Jun-10","70.17","69.71","70.64","68.69","0.67%"
"2021-Jun-09","69.70","70.03","70.61","69.45","-0.43%"
"2021-Jun-08","70.00","69.11","70.26","68.47","1.32%"
"2021-Jun-07","69.09","69.72","69.98","68.94","-0.88%"
"2021-Jun-06","69.70","69.47","69.72","69.42","0.45%"
"2021-Jun-04","69.39","68.77","69.75","68.33","0.93%"
"2021-Jun-03","68.75","68.71","69.38","68.17","0.04%"
"2021-Jun-02","68.72","67.87","68.98","67.77","1.19%"
"2021-Jun-01","67.91","66.94","68.85","66.88","1.45%"
"2021-May-31","66.94","66.56","67.39","66.39","0.57%"
"2021-May-30","66.56","66.67","66.72","66.52","-0.12%"
"2021-May-28","66.64","67.31","67.50","66.16","-0.98%"
"2021-May-27","67.30","66.09","67.44","65.45","1.80%"
"2021-May-26","66.11","65.92","66.41","65.23","0.33%"
"2021-May-25","65.89","66.00","66.48","65.39","-0.17%"
"2021-May-24","66.00","63.64","66.11","63.64","3.74%"
"2021-May-23","63.62","63.77","63.78","63.62","-0.34%"
"2021-May-21","63.84","62.08","64.04","61.55","2.82%"
"2021-May-20","62.09","63.33","63.92","61.66","-1.97%"
"2021-May-19","63.34","65.17","65.20","61.95","-2.81%"
"2021-May-18","65.17","66.33","67.00","64.11","-1.76%"
"2021-May-17","66.34","65.55","66.42","64.84","1.24%"
"2021-May-16","65.53","65.53","65.69","65.42","0.06%"
"2021-May-14","65.49","63.81","65.58","63.34","2.62%"
"2021-May-13","63.82","65.72","65.78","63.09","-2.85%"
"2021-May-12","65.69","65.53","66.59","64.95","0.29%"
"2021-May-11","65.50","64.94","65.53","63.66","0.85%"
"2021-May-10","64.95","65.44","65.72","63.93","-0.75%"
"2021-May-09","65.44","65.36","65.53","65.16","0.97%"
"2021-May-07","64.81","64.86","65.20","63.88","-0.11%"
"2021-May-06","64.88","65.06","65.94","64.51","-0.32%"
"2021-May-05","65.09","66.22","66.71","64.89","-1.68%"
"2021-May-04","66.20","64.58","66.25","64.25","2.46%"
"2021-May-03","64.61","63.70","64.69","62.89","1.43%"
"2021-May-02","63.70","63.53","63.73","63.51","0.41%"
"2021-Apr-30","63.44","64.72","64.81","63.05","-2.02%"
"2021-Apr-29","64.75","63.78","65.40","63.73","1.54%"
"2021-Apr-28","63.77","62.98","64.47","62.62","1.30%"
"2021-Apr-27","62.95","61.99","63.24","61.88","1.50%"
"2021-Apr-26","62.02","61.89","62.26","60.62","0.23%"
"2021-Apr-25","61.88","62.08","62.20","61.87","-0.16%"
"2021-Apr-23","61.98","61.77","62.37","61.20","0.29%"
"2021-Apr-22","61.80","61.06","62.05","60.56","1.18%"
"2021-Apr-21","61.08","62.30","62.49","60.81","-1.93%"
"2021-Apr-20","62.28","63.53","64.30","61.47","-2.00%"
"2021-Apr-19","63.55","62.80","63.62","62.62","1.19%"
"2021-Apr-18","62.80","63.05","63.11","62.78","-0.43%"
"2021-Apr-16","63.07","63.34","63.87","62.84","-0.43%"
"2021-Apr-15","63.34","62.87","63.56","62.53","0.73%"
"2021-Apr-14","62.88","60.51","63.43","60.38","3.90%"
"2021-Apr-13","60.52","59.74","60.63","59.64","1.27%"
"2021-Apr-12","59.76","59.55","60.74","58.73","0.35%"
"2021-Apr-11","59.55","59.31","59.58","59.31","0.39%"
"2021-Apr-09","59.32","59.73","59.91","59.11","-0.69%"
"2021-Apr-08","59.73","59.61","59.91","58.82","0.18%"
"2021-Apr-07","59.62","59.18","60.02","58.11","0.76%"
"2021-Apr-06","59.17","58.86","60.87","58.61","0.48%"
"2021-Apr-05","58.89","61.27","61.36","57.62","-3.87%"
"2021-Apr-04","61.26","61.38","61.38","60.89","0.02%"
"2021-Apr-01","61.25","59.55","61.71","58.87","2.85%"
"2021-Mar-31","59.55","60.38","61.14","58.83","-1.37%"
"2021-Mar-30","60.38","62.08","62.08","59.95","-2.75%"
"2021-Mar-29","62.09","60.77","62.22","59.39","2.26%"
"2021-Mar-28","60.72","60.82","60.83","60.38","0.02%"
"2021-Mar-26","60.71","58.73","61.33","58.67","3.35%"
"2021-Mar-25","58.74","60.56","60.80","57.43","-3.05%"
"2021-Mar-24","60.59","57.55","61.30","57.41","5.32%"
"2021-Mar-23","57.53","61.27","61.27","57.23","-6.10%"
"2021-Mar-22","61.27","60.87","61.99","60.33","0.64%"
"2021-Mar-21","60.88","60.98","61.20","60.84","-0.94%"
"2021-Mar-19","61.46","59.74","61.76","58.92","2.84%"
"2021-Mar-18","59.76","64.53","64.81","58.32","-7.46%"
"2021-Mar-17","64.58","64.88","65.33","63.59","-0.46%"
"2021-Mar-16","64.88","65.28","65.41","63.80","-0.64%"
"2021-Mar-15","65.30","65.94","66.39","64.14","-0.97%"
"2021-Mar-14","65.94","65.78","66.14","65.69","0.61%"
"2021-Mar-12","65.54","65.89","66.20","65.39","-0.53%"
"2021-Mar-11","65.89","64.67","66.17","64.53","1.93%"
"2021-Mar-10","64.64","63.94","64.92","63.12","1.13%"
"2021-Mar-09","63.92","64.86","65.95","63.64","-1.45%"
"2021-Mar-08","64.86","67.11","67.94","64.56","-3.37%"
"2021-Mar-07","67.12","66.72","67.80","66.72","1.34%"
"2021-Mar-05","66.23","64.19","66.37","63.80","3.18%"
"2021-Mar-04","64.19","60.73","64.81","60.52","5.75%"
"2021-Mar-03","60.70","59.38","61.96","59.33","2.21%"
"2021-Mar-02","59.39","60.23","61.17","59.22","-1.39%"
"2021-Mar-01","60.23","62.47","62.88","59.97","-3.55%"
"2021-Feb-28","62.45","61.84","62.48","61.84","1.45%"
"2021-Feb-26","61.56","63.41","63.42","61.31","-2.89%"
"2021-Feb-25","63.39","63.51","63.75","62.62","-0.20%"
"2021-Feb-24","63.52","61.20","63.62","60.94","3.79%"
"2021-Feb-23","61.20","61.59","62.95","60.63","-0.58%"
"2021-Feb-22","61.56","59.61","62.16","59.38","3.31%"
"2021-Feb-21","59.59","58.88","59.66","58.81","0.97%"
"2021-Feb-19","59.02","59.71","60.28","58.59","-1.14%"
"2021-Feb-18","59.70","61.77","62.24","59.63","-3.35%"
"2021-Feb-17","61.77","59.98","61.77","59.42","3.00%"
"2021-Feb-16","59.97","60.09","60.30","59.33","-0.18%"
"2021-Feb-15","60.08","60.33","60.92","59.95","-0.43%"
"2021-Feb-14","60.34","59.99","60.73","59.99","1.11%"
"2021-Feb-12","59.68","57.91","59.79","57.38","3.00%"
"2021-Feb-11","57.94","58.30","58.66","57.82","-0.62%"
"2021-Feb-10","58.30","58.36","58.87","58.05","-0.12%"
"2021-Feb-09","58.37","58.02","58.59","57.24","0.60%"
"2021-Feb-08","58.02","57.35","58.10","57.28","1.15%"
"2021-Feb-07","57.36","57.03","57.36","56.98","0.56%"
"2021-Feb-05","57.04","56.48","57.23","56.45","0.97%"
"2021-Feb-04","56.49","55.84","56.55","55.26","1.13%"
"2021-Feb-03","55.86","54.92","56.25","54.77","1.73%"
"2021-Feb-02","54.91","53.53","55.20","53.42","2.54%"
"2021-Feb-01","53.55","51.91","53.67","51.84","3.14%"
"2021-Jan-31","51.92","52.03","52.09","51.61","-0.35%"
"2021-Jan-29","52.10","52.19","53.20","51.89","-0.13%"
"2021-Jan-28","52.17","52.37","53.49","52.03","-0.36%"
"2021-Jan-27","52.36","52.73","53.23","51.80","-0.68%"
"2021-Jan-26","52.72","52.78","53.17","52.24","-0.15%"
"2021-Jan-25","52.80","52.22","52.88","51.77","1.09%"
"2021-Jan-24","52.23","52.02","52.28","52.01","0.60%"
"2021-Jan-22","51.92","52.95","52.98","51.38","-1.95%"
"2021-Jan-21","52.95","52.88","53.33","52.69","0.11%"
"2021-Jan-20","52.89","53.12","53.74","52.76","-0.43%"
"2021-Jan-19","53.12","52.30","53.14","52.16","1.57%"
"2021-Jan-18","52.30","52.14","52.52","51.74","0.35%"
"2021-Jan-17","52.12","51.98","52.30","51.98","0.21%"
"2021-Jan-15","52.01","53.74","53.77","51.80","-3.20%"
"2021-Jan-14","53.73","52.67","53.77","52.20","1.97%"
"2021-Jan-13","52.69","53.31","53.86","52.52","-1.14%"
"2021-Jan-12","53.30","52.05","53.34","52.01","2.44%"
"2021-Jan-11","52.03","52.23","52.31","51.44","-0.36%"
"2021-Jan-10","52.22","52.52","52.62","52.14","-0.72%"
"2021-Jan-08","52.60","50.84","52.63","50.73","3.46%"
"2021-Jan-07","50.84","50.37","51.16","50.28","0.91%"
"2021-Jan-06","50.38","49.66","50.81","49.38","1.45%"
"2021-Jan-05","49.66","47.27","50.06","47.22","5.03%"
"2021-Jan-04","47.28","48.31","49.70","47.06","-2.11%"
"2021-Jan-03","48.30","48.12","48.38","47.99","0.06%"
"2020-Dec-31","48.27","48.23","48.39","47.62","0.10%"
"2020-Dec-30","48.22","47.93","48.49","47.46","0.58%"
"2020-Dec-29","47.94","47.87","48.41","47.62","0.15%"
"2020-Dec-28","47.87","47.92","49.00","47.61","-0.13%"
"2020-Dec-27","47.93","48.25","48.25","47.58","-0.72%"
"2020-Dec-24","48.28","48.08","48.64","47.61","0.40%"
"2020-Dec-23","48.09","46.89","48.53","46.20","2.56%"
"2020-Dec-22","46.89","47.80","47.91","46.58","-1.97%"
"2020-Dec-21","47.83","48.59","48.61","46.28","-1.58%"
"2020-Dec-20","48.60","49.32","49.32","48.51","-1.34%"
"2020-Dec-18","49.26","48.54","49.44","48.29","1.46%"
"2020-Dec-17","48.55","48.02","48.80","48.02","1.10%"
"2020-Dec-16","48.02","47.72","48.11","47.35","0.65%"
"2020-Dec-15","47.71","47.12","47.88","46.72","1.25%"
"2020-Dec-14","47.12","46.81","47.56","45.89","0.64%"
"2020-Dec-13","46.82","46.81","46.97","46.73","0.26%"
"2020-Dec-11","46.70","47.23","47.44","46.51","-1.12%"
"2020-Dec-10","47.23","45.84","47.85","45.70","3.03%"
"2020-Dec-09","45.84","45.67","46.38","45.11","0.39%"
"2020-Dec-08","45.66","45.75","46.05","45.28","-0.20%"
"2020-Dec-07","45.75","46.16","46.64","45.48","-0.91%"
"2020-Dec-06","46.17","46.27","46.36","46.17","-0.04%"
"2020-Dec-04","46.19","45.80","46.76","45.77","0.87%"
"2020-Dec-03","45.79","44.98","45.92","44.78","1.76%"
"2020-Dec-02","45.00","44.25","45.99","44.02","1.69%"
"2020-Dec-01","44.25","45.28","45.77","44.12","-2.30%"
"2020-Nov-30","45.29","45.25","45.88","44.52","0.11%"
"2020-Nov-29","45.24","45.30","45.44","44.88","-1.09%"
"2020-Nov-27","45.74","45.06","45.74","44.66","1.53%"
"2020-Nov-26","45.05","45.82","46.14","44.81","-1.77%"
"2020-Nov-25","45.86","44.88","46.29","44.80","2.18%"
"2020-Nov-24","44.88","43.20","45.25","43.08","3.84%"
"2020-Nov-23","43.22","42.52","43.38","42.34","1.65%"
"2020-Nov-22","42.52","42.47","42.61","42.41","0.09%"
"2020-Nov-20","42.48","41.71","42.57","41.69","1.89%"
"2020-Nov-19","41.69","41.77","42.16","41.31","-0.26%"
"2020-Nov-18","41.80","41.52","42.68","41.33","0.67%"
"2020-Nov-17","41.52","41.63","41.92","40.84","-0.24%"
"2020-Nov-16","41.62","40.74","42.33","40.64","2.19%"
"2020-Nov-15","40.73","40.48","40.77","40.41","0.87%"
"2020-Nov-13","40.38","41.02","41.08","40.33","-1.51%"
"2020-Nov-12","41.00","41.79","42.41","40.88","-1.87%"
"2020-Nov-11","41.78","41.87","43.28","41.56","-0.24%"
"2020-Nov-10","41.88","39.92","42.48","39.68","4.88%"
"2020-Nov-09","39.93","38.06","41.55","37.97","4.94%"
"2020-Nov-08","38.05","37.67","38.17","37.45","0.93%"
"2020-Nov-06","37.70","38.66","38.73","37.30","-2.48%"
"2020-Nov-05","38.66","39.17","39.56","38.50","-1.45%"
"2020-Nov-04","39.23","38.62","39.45","37.47","1.58%"
"2020-Nov-03","38.62","37.27","38.90","36.77","3.62%"
"2020-Nov-02","37.27","34.20","37.52","34.09","9.01%"
"2020-Nov-01","34.19","35.30","35.30","33.87","-4.82%"
"2020-Oct-30","35.92","36.34","36.76","35.38","-1.16%"
"2020-Oct-29","36.34","37.78","37.87","35.09","-4.07%"
"2020-Oct-28","37.88","39.00","39.11","37.13","-2.85%"
"2020-Oct-27","38.99","38.73","39.94","38.63","0.62%"
"2020-Oct-26","38.75","39.30","39.45","38.39","-1.42%"
"2020-Oct-25","39.31","39.59","39.60","39.02","-1.23%"
"2020-Oct-23","39.80","40.63","40.98","39.66","-2.14%"
"2020-Oct-22","40.67","39.96","41.08","39.78","1.80%"
"2020-Oct-21","39.95","41.45","41.63","39.84","-3.67%"
"2020-Oct-20","41.47","40.92","41.92","40.53","1.27%"
"2020-Oct-19","40.95","41.23","41.47","40.80","-0.68%"
"2020-Oct-18","41.23","41.03","41.36","40.95","0.54%"
"2020-Oct-16","41.01","41.13","41.31","40.38","-0.44%"
"2020-Oct-15","41.19","41.45","41.51","39.52","-0.70%"
"2020-Oct-14","41.48","40.45","41.56","40.12","2.65%"
"2020-Oct-13","40.41","39.91","40.77","39.63","1.38%"
"2020-Oct-12","39.86","40.48","40.65","39.34","-1.53%"
"2020-Oct-11","40.48","40.65","40.72","40.42","-0.78%"
"2020-Oct-09","40.80","41.45","41.62","40.63","-1.57%"
"2020-Oct-08","41.45","40.25","41.69","39.98","2.93%"
"2020-Oct-07","40.27","39.97","40.52","39.48","0.65%"
"2020-Oct-06","40.01","39.42","41.02","39.28","1.57%"
"2020-Oct-05","39.39","37.49","39.86","37.45","5.10%"
"2020-Oct-04","37.48","37.24","37.52","37.20","0.75%"
"2020-Oct-02","37.20","38.63","38.75","36.80","-3.78%"
"2020-Oct-01","38.66","40.16","40.59","37.79","-3.76%"
"2020-Sep-30","40.17","39.27","40.48","38.80","2.29%"
"2020-Sep-29","39.27","40.70","40.80","38.54","-3.51%"
"2020-Sep-28","40.70","40.20","40.88","39.88","1.24%"
"2020-Sep-27","40.20","40.10","40.35","40.10","0.10%"
"2020-Sep-25","40.16","40.34","40.71","39.81","-0.59%"
"2020-Sep-24","40.40","39.48","40.44","39.38","2.51%"
"2020-Sep-23","39.41","39.77","40.77","39.22","-0.91%"
"2020-Sep-22","39.77","39.97","40.30","39.25","-0.53%"
"2020-Sep-21","39.98","41.08","41.52","38.92","-2.65%"
"2020-Sep-20","41.07","41.17","41.20","40.81","-0.29%"
"2020-Sep-18","41.19","41.14","41.73","40.55","0.12%"
"2020-Sep-17","41.14","27.45","41.48","27.04","49.71%"
"2020-Sep-16","27.48","26.18","27.52","26.12","4.85%"
"2020-Sep-15","26.21","25.31","26.25","25.20","3.52%"
"2020-Sep-14","25.32","25.22","25.41","24.91","0.36%"
"2020-Sep-13","25.23","25.16","25.30","24.96","1.41%"
"2020-Sep-11","24.88","24.71","25.12","24.43","0.61%"
"2020-Sep-10","24.73","24.89","25.20","24.49","-0.72%"
"2020-Sep-09","24.91","24.09","25.27","23.91","3.49%"
"2020-Sep-08","24.07","25.54","25.62","23.77","-5.68%"
"2020-Sep-07","25.52","25.09","25.63","25.09","1.79%"
"2020-Sep-06","25.07","25.52","25.52","24.96","-0.59%"
"2020-Sep-04","25.22","25.96","26.55","25.13","-2.81%"
"2020-Sep-03","25.95","26.25","26.30","25.45","-1.29%"
"2020-Sep-02","26.29","26.86","27.00","25.93","-2.16%"
"2020-Sep-01","26.87","26.56","26.96","26.50","1.13%"
"2020-Aug-31","26.57","26.54","26.91","26.32","0.19%"
"2020-Aug-30","26.52","26.46","26.54","26.45","1.45%"
"2020-Aug-28","26.14","25.93","26.30","25.87","0.73%"
"2020-Aug-27","25.95","26.09","26.18","25.59","-0.61%"
"2020-Aug-26","26.11","25.94","26.20","25.77","0.77%"
"2020-Aug-25","25.91","25.29","25.95","25.25","2.53%"
"2020-Aug-24","25.27","25.02","25.36","24.95","1.00%"
"2020-Aug-23","25.02","25.02","25.16","24.95","1.62%"
"2020-Aug-21","24.62","24.81","24.89","24.13","-0.89%"
"2020-Aug-20","24.84","24.66","24.84","24.11","0.61%"
"2020-Aug-19","24.69","24.59","24.82","24.48","0.41%"
"2020-Aug-18","24.59","24.48","24.70","24.27","0.37%"
"2020-Aug-17","24.50","24.12","24.57","23.95","1.58%"
"2020-Aug-16","24.12","24.05","24.17","24.00","1.52%"
"2020-Aug-14","23.76","23.73","23.78","23.45","0.04%"
"2020-Aug-13","23.75","23.61","23.82","23.50","0.55%"
"2020-Aug-12","23.62","22.98","23.75","22.96","2.79%"
"2020-Aug-11","22.98","23.02","23.56","22.90","-0.26%"
"2020-Aug-10","23.04","22.72","23.13","22.70","1.36%"
"2020-Aug-09","22.73","22.61","22.75","22.52","1.38%"
"2020-Aug-07","22.42","22.54","22.64","22.16","-0.58%"
"2020-Aug-06","22.55","22.44","22.75","22.25","0.45%"
"2020-Aug-05","22.45","21.88","22.93","21.84","2.61%"
"2020-Aug-04","21.88","21.43","22.13","21.25","2.20%"
"2020-Aug-03","21.41","21.04","21.67","20.82","1.71%"
"2020-Aug-02","21.05","21.13","21.13","20.95","0.72%"
"2020-Jul-31","20.90","20.75","20.91","20.51","0.82%"
"2020-Jul-30","20.73","21.02","21.05","19.91","-1.29%"
"2020-Jul-29","21.00","20.77","21.06","20.70","1.11%"
"2020-Jul-28","20.77","20.84","20.98","20.57","-0.48%"
"2020-Jul-27","20.87","20.44","20.88","20.23","2.15%"
"2020-Jul-26","20.43","20.50","20.55","20.34","0.79%"
"2020-Jul-24","20.27","19.99","20.31","19.87","1.35%"
"2020-Jul-23","20.00","20.16","20.52","19.86","-0.65%"
"2020-Jul-22","20.13","19.95","20.27","19.84","0.85%"
"2020-Jul-21","19.96","19.55","20.34","19.54","2.15%"
"2020-Jul-20","19.54","19.41","19.59","19.13","0.67%"
"2020-Jul-19","19.41","19.39","19.42","19.31","1.41%"
"2020-Jul-17","19.14","19.12","19.21","18.88","0.26%"
"2020-Jul-16","19.09","19.09","19.21","18.96","0.10%"
"2020-Jul-15","19.07","18.80","19.16","18.68","1.60%"
"2020-Jul-14","18.77","18.25","18.94","18.09","2.74%"
"2020-Jul-13","18.27","18.41","18.70","18.23","-0.76%"
"2020-Jul-12","18.41","18.50","18.56","18.34","0.22%"
"2020-Jul-10","18.37","17.88","18.38","17.50","2.74%"
"2020-Jul-09","17.88","18.16","18.28","17.66","-1.70%"
"2020-Jul-08","18.19","17.85","18.23","17.82","1.85%"
"2020-Jul-07","17.86","17.88","18.05","17.62","-0.17%"
"2020-Jul-06","17.89","17.69","18.00","17.62","1.19%"
"2020-Jul-05","17.68","17.63","17.73","17.61","1.73%"
"2020-Jul-03","17.38","17.24","17.39","17.16","0.75%"
"2020-Jul-02","17.25","16.88","17.43","16.86","2.31%"
"2020-Jul-01","16.86","16.73","17.13","16.55","0.78%"
"2020-Jun-30","16.73","16.66","16.89","16.45","0.54%"
"2020-Jun-29","16.64","15.96","16.75","15.86","4.26%"
"2020-Jun-28","15.96","15.98","16.00","15.89","0.57%"
"2020-Jun-26","15.87","16.07","16.25","15.70","-1.37%"
"2020-Jun-25","16.09","15.63","16.18","15.38","3.01%"
"2020-Jun-24","15.62","16.29","16.48","15.34","-4.05%"
"2020-Jun-23","16.28","16.45","16.80","16.05","-1.09%"
"2020-Jun-22","16.46","15.89","16.57","15.84","3.46%"
"2020-Jun-21","15.91","15.59","15.96","15.59","1.92%"
"2020-Jun-19","15.61","15.52","15.95","15.25","0.45%"
"2020-Jun-18","15.54","14.89","15.61","14.79","4.09%"
"2020-Jun-17","14.93","14.96","15.32","14.79","-0.20%"
"2020-Jun-16","14.96","14.66","15.41","14.41","1.77%"
"2020-Jun-15","14.70","13.96","14.79","13.62","5.30%"
"2020-Jun-14","13.96","14.14","14.14","13.90","-1.13%"
"2020-Jun-12","14.12","13.73","14.23","13.32","2.99%"
"2020-Jun-11","13.71","14.62","14.68","13.66","-6.22%"
"2020-Jun-10","14.62","14.43","15.04","14.32","1.18%"
"2020-Jun-09","14.45","14.46","14.71","14.04","-0.07%"
"2020-Jun-08","14.46","14.98","14.98","14.25","-3.47%"
"2020-Jun-07","14.98","14.68","14.99","14.64","4.54%"
"2020-Jun-05","14.33","13.79","14.55","13.73","4.07%"
"2020-Jun-04","13.77","13.59","13.86","13.41","1.32%"
"2020-Jun-03","13.59","13.48","13.78","13.23","0.82%"
"2020-Jun-02","13.48","12.91","13.54","12.88","4.25%"
"2020-Jun-01","12.93","12.77","13.02","12.55","1.25%"
"2020-May-31","12.77","12.64","12.97","12.63","0.79%"
"2020-May-29","12.67","12.07","12.77","11.82","4.97%"
"2020-May-28","12.07","11.59","12.27","11.48","4.14%"
"2020-May-27","11.59","12.18","12.23","11.41","-4.84%"
"2020-May-26","12.18","12.04","12.32","11.89","1.33%"
"2020-May-25","12.02","11.68","12.07","11.59","3.09%"
"2020-May-24","11.66","11.79","11.80","11.54","0.26%"
"2020-May-22","11.63","11.75","11.77","10.88","-1.02%"
"2020-May-21","11.75","11.50","11.80","11.46","2.17%"
"2020-May-20","11.50","10.99","11.57","10.98","4.55%"
"2020-May-19","11.00","11.20","11.23","10.88","-1.87%"
"2020-May-18","11.21","10.48","11.23","10.45","7.17%"
"2020-May-17","10.46","10.29","10.48","10.25","2.85%"
"2020-May-15","10.17","9.80","10.20","9.68","3.88%"
"2020-May-14","9.79","9.41","9.88","9.29","4.04%"
"2020-May-13","9.41","9.35","9.64","9.29","0.32%"
"2020-May-12","9.38","9.48","9.63","9.32","-0.85%"
"2020-May-11","9.46","9.70","9.88","9.39","-2.57%"
"2020-May-10","9.71","9.71","9.75","9.63","1.04%"
"2020-May-08","9.61","9.12","9.68","9.09","5.37%"
"2020-May-07","9.12","9.18","9.63","8.95","0.11%"
"2020-May-06","9.11","9.66","9.66","8.96","-5.89%"
"2020-May-05","9.68","8.75","9.75","8.66","10.88%"
"2020-May-04","8.73","8.27","8.82","8.12","5.56%"
"2020-May-03","8.27","8.32","8.34","8.21","-0.48%"
"2020-May-01","8.31","8.61","8.79","8.16","-3.60%"
"2020-Apr-30","8.62","8.15","8.75","7.96","5.64%"
"2020-Apr-29","8.16","7.77","8.16","7.77","4.75%"
"2020-Apr-28","7.79","7.78","8.13","7.64","0.00%"
"2020-Apr-27","7.79","8.07","8.07","7.64","-3.47%"
"2020-Apr-26","8.07","8.02","8.09","8.00","1.00%"
"2020-Apr-24","7.99","8.16","8.32","7.79","-2.68%"
"2020-Apr-23","8.21","8.04","8.54","7.88","1.99%"
"2020-Apr-22","8.05","7.97","8.23","6.93","0.88%"
"2020-Apr-21","7.98","11.99","12.71","6.79","-33.28%"
"2020-Apr-20","11.96","17.05","17.21","11.34","-29.85%"
"2020-Apr-19","17.05","17.73","17.81","16.91","-6.11%"
"2020-Apr-17","18.16","19.89","20.04","17.27","-8.65%"
"2020-Apr-16","19.88","20.29","20.45","19.38","-1.83%"
"2020-Apr-15","20.25","20.77","20.80","19.14","-2.60%"
"2020-Apr-14","20.79","22.75","22.82","19.88","-8.82%"
"2020-Apr-13","22.80","23.13","24.44","22.21","-1.38%"
"2020-Apr-12","23.12","24.46","24.46","21.95","0.30%"
"2020-Apr-09","23.05","26.25","28.12","22.45","-12.12%"
"2020-Apr-08","26.23","24.45","26.38","23.57","7.28%"
"2020-Apr-07","24.45","26.73","27.02","23.37","-8.60%"
"2020-Apr-06","26.75","26.14","27.98","25.62","2.37%"
"2020-Apr-05","26.13","25.88","26.30","25.20","-8.32%"
"2020-Apr-03","28.50","24.42","28.83","23.27","16.52%"
"2020-Apr-02","24.46","21.01","26.94","20.54","16.37%"
"2020-Apr-01","21.02","20.06","21.30","19.71","4.84%"
"2020-Mar-31","20.05","20.27","21.59","19.78","-1.09%"
"2020-Mar-30","20.27","20.07","20.59","19.04","1.10%"
"2020-Mar-29","20.05","20.63","20.63","19.69","-6.87%"
"2020-Mar-27","21.53","22.77","23.04","20.61","-5.45%"
"2020-Mar-26","22.77","23.84","24.27","22.05","-4.69%"
"2020-Mar-25","23.89","24.25","24.82","22.59","-1.48%"
"2020-Mar-24","24.25","23.98","24.75","22.73","0.83%"
"2020-Mar-23","24.05","21.20","24.20","21.20","13.28%"
"2020-Mar-22","21.23","21.09","21.34","20.50","-8.49%"
"2020-Mar-20","23.20","25.98","27.97","22.02","-10.77%"
"2020-Mar-19","26.00","23.38","27.61","21.34","10.31%"
"2020-Mar-18","23.57","26.50","27.16","20.05","-10.99%"
"2020-Mar-17","26.48","29.11","30.28","26.21","-9.10%"
"2020-Mar-16","29.13","30.45","31.52","28.12","-4.33%"
"2020-Mar-15","30.45","30.21","30.61","29.75","-7.67%"
"2020-Mar-13","32.98","30.96","33.84","30.61","6.32%"
"2020-Mar-12","31.02","33.12","33.51","29.99","-6.26%"
"2020-Mar-11","33.09","34.08","36.23","32.53","-2.71%"
"2020-Mar-10","34.01","32.57","34.95","31.75","5.03%"
"2020-Mar-09","32.38","32.47","34.77","27.30","-0.22%"
"2020-Mar-08","32.45","32.50","33.51","32.30","-21.86%"
"2020-Mar-06","41.53","46.14","46.27","40.98","-9.95%"
"2020-Mar-05","46.12","47.23","47.45","45.55","-2.35%"
"2020-Mar-04","47.23","46.91","48.30","46.55","0.68%"
"2020-Mar-03","46.91","47.80","48.52","46.38","-1.86%"
"2020-Mar-02","47.80","44.47","47.81","44.31","7.54%"
"2020-Mar-01","44.45","43.37","44.58","43.37","-1.51%"
"2020-Feb-28","45.13","46.70","46.79","43.73","-3.28%"
"2020-Feb-27","46.66","48.24","48.38","45.76","-3.32%"
"2020-Feb-26","48.26","50.02","50.27","48.09","-3.50%"
"2020-Feb-25","50.01","51.27","51.83","49.55","-2.46%"
"2020-Feb-24","51.27","51.88","52.09","50.27","-1.16%"
"2020-Feb-23","51.87","52.37","52.42","51.48","-2.54%"
"2020-Feb-21","53.22","53.28","53.62","52.34","-0.08%"
"2020-Feb-20","53.26","53.52","54.39","53.17","-0.50%"
"2020-Feb-19","53.53","52.17","53.55","51.94","2.63%"
"2020-Feb-18","52.16","51.97","52.19","50.91","0.40%"
"2020-Feb-17","51.95","52.09","52.21","51.80","-0.31%"
"2020-Feb-16","52.11","52.22","52.34","52.09","-0.17%"
"2020-Feb-14","52.20","51.41","52.30","51.31","1.58%"
"2020-Feb-13","51.39","51.47","51.89","50.59","-0.12%"
"2020-Feb-12","51.45","50.12","51.95","50.08","2.65%"
"2020-Feb-11","50.12","49.80","50.67","49.70","0.68%"
"2020-Feb-10","49.78","49.74","50.44","49.44","0.08%"
"2020-Feb-09","49.74","49.97","50.14","49.55","-1.19%"
"2020-Feb-07","50.34","51.41","51.41","50.08","-2.08%"
"2020-Feb-06","51.41","51.17","52.14","50.23","0.41%"
"2020-Feb-05","51.20","49.61","51.84","49.59","3.27%"
"2020-Feb-04","49.58","49.91","51.52","49.32","-0.60%"
"2020-Feb-03","49.88","51.02","51.94","49.64","-2.23%"
"2020-Feb-02","51.02","50.77","51.23","50.77","-1.07%"
"2020-Jan-31","51.57","52.84","53.31","50.95","-2.40%"
"2020-Jan-30","52.84","53.09","53.16","51.64","-0.47%"
"2020-Jan-29","53.09","53.73","54.33","52.80","-1.21%"
"2020-Jan-28","53.74","52.92","54.02","52.64","1.57%"
"2020-Jan-27","52.91","52.59","53.47","52.12","0.67%"
"2020-Jan-26","52.56","53.37","53.55","52.16","-2.90%"
"2020-Jan-24","54.13","55.62","55.91","53.84","-2.68%"
"2020-Jan-23","55.62","56.08","56.12","54.73","-0.84%"
"2020-Jan-22","56.09","58.24","58.33","56.03","-3.72%"
"2020-Jan-21","58.26","58.66","58.80","57.66","-0.70%"
"2020-Jan-20","58.67","59.23","59.27","58.52","-0.93%"
"2020-Jan-19","59.22","59.33","59.62","59.19","0.77%"
"2020-Jan-17","58.77","58.62","58.98","58.28","0.27%"
"2020-Jan-16","58.61","58.13","58.87","57.58","0.84%"
"2020-Jan-15","58.12","58.09","58.37","57.39","0.05%"
"2020-Jan-14","58.09","58.13","58.72","57.77","-0.05%"
"2020-Jan-13","58.12","58.92","59.28","57.95","-1.39%"
"2020-Jan-12","58.94","59.12","59.12","58.73","-0.39%"
"2020-Jan-10","59.17","59.53","59.80","58.88","-0.64%"
"2020-Jan-09","59.55","59.98","60.31","58.70","-0.70%"
"2020-Jan-08","59.97","64.92","65.67","59.17","-7.62%"
"2020-Jan-07","64.92","62.98","65.48","62.16","3.06%"
"2020-Jan-06","62.99","63.86","64.75","62.69","-1.41%"
"2020-Jan-05","63.89","63.84","64.30","63.64","1.25%"
"2020-Jan-03","63.10","61.20","64.11","61.16","3.12%"
"2020-Jan-02","61.19","61.42","61.48","60.73","-0.05%"
"2019-Dec-31","61.22","61.67","61.92","60.67","-0.76%"
"2019-Dec-30","61.69","61.77","62.38","61.16","-0.13%"
"2019-Dec-29","61.77","61.73","61.78","61.70","0.05%"
"2019-Dec-27","61.74","61.74","62.02","61.28","0.02%"
"2019-Dec-26","61.73","61.31","61.87","61.13","0.93%"
"2019-Dec-24","61.16","60.63","61.17","60.53","0.86%"
"2019-Dec-23","60.64","60.49","60.83","60.16","0.21%"
"2019-Dec-22","60.51","60.44","60.52","60.39","0.12%"
"2019-Dec-20","60.44","61.13","61.26","60.11","-1.14%"
"2019-Dec-19","61.14","60.88","61.47","60.77","0.43%"
"2019-Dec-18","60.88","60.58","61.16","60.31","0.55%"
"2019-Dec-17","60.55","60.12","61.03","60.02","0.72%"
"2019-Dec-16","60.12","59.77","60.33","59.74","0.60%"
"2019-Dec-15","59.76","59.87","59.88","59.76","-0.03%"
"2019-Dec-13","59.78","59.58","60.41","59.27","0.37%"
"2019-Dec-12","59.56","58.90","59.70","58.74","1.10%"
"2019-Dec-11","58.91","59.05","59.17","58.09","-0.25%"
"2019-Dec-10","59.06","58.86","59.48","58.52","0.37%"
"2019-Dec-09","58.84","58.93","59.22","58.23","-0.17%"
"2019-Dec-08","58.94","59.13","59.15","58.94","-0.29%"
"2019-Dec-06","59.11","58.33","59.80","57.66","1.37%"
"2019-Dec-05","58.31","58.38","59.05","58.06","-0.12%"
"2019-Dec-04","58.38","56.38","58.59","56.23","3.57%"
"2019-Dec-03","56.37","56.01","56.72","55.31","0.68%"
"2019-Dec-02","55.99","55.77","56.62","55.59","0.41%"
"2019-Dec-01","55.76","55.45","55.77","55.42","0.72%"
"2019-Nov-29","55.36","58.02","58.11","54.97","-4.57%"
"2019-Nov-28","58.01","57.89","58.22","57.58","0.17%"
"2019-Nov-27","57.91","58.19","58.61","57.45","-0.50%"
"2019-Nov-26","58.20","57.86","58.47","57.70","0.57%"
"2019-Nov-25","57.87","57.91","58.05","57.14","-0.09%"
"2019-Nov-24","57.92","57.88","57.97","57.76","0.14%"
"2019-Nov-22","57.84","58.24","58.64","57.41","-0.72%"
"2019-Nov-21","58.26","56.88","58.58","56.52","2.43%"
"2019-Nov-20","56.88","55.27","57.27","54.78","2.93%"
"2019-Nov-19","55.26","56.91","57.09","55.08","-2.90%"
"2019-Nov-18","56.91","57.74","58.05","56.55","-1.42%"
"2019-Nov-17","57.73","57.83","57.86","57.64","-0.22%"
"2019-Nov-15","57.86","56.97","57.92","56.41","1.60%"
"2019-Nov-14","56.95","57.37","57.74","56.60","-0.75%"
"2019-Nov-13","57.38","56.62","57.48","56.16","1.34%"
"2019-Nov-12","56.62","56.59","57.48","56.52","0.05%"
"2019-Nov-11","56.59","57.05","57.27","56.20","-0.82%"
"2019-Nov-10","57.06","57.30","57.30","56.98","-0.52%"
"2019-Nov-08","57.36","56.88","57.39","55.70","0.84%"
"2019-Nov-07","56.88","56.26","57.77","56.20","1.14%"
"2019-Nov-06","56.24","56.99","57.72","56.05","-1.35%"
"2019-Nov-05","57.01","56.48","57.41","56.22","0.94%"
"2019-Nov-04","56.48","56.09","57.33","55.74","0.66%"
"2019-Nov-03","56.11","56.23","56.27","56.11","0.11%"
"2019-Nov-01","56.05","53.98","56.05","53.98","3.85%"
"2019-Oct-31","53.97","54.78","55.47","53.62","-1.44%"
"2019-Oct-30","54.76","55.38","55.61","54.31","-1.08%"
"2019-Oct-29","55.36","55.69","55.77","54.48","-0.61%"
"2019-Oct-28","55.70","56.55","56.78","55.47","-1.52%"
"2019-Oct-27","56.56","56.62","56.62","56.55","0.12%"
"2019-Oct-25","56.49","55.97","56.59","55.47","0.97%"
"2019-Oct-24","55.95","55.59","56.34","55.26","0.65%"
"2019-Oct-23","55.59","54.06","55.91","53.47","2.85%"
"2019-Oct-22","54.05","53.38","54.62","53.08","1.24%"
"2019-Oct-21","53.39","53.58","54.02","52.73","-0.32%"
"2019-Oct-20","53.56","53.69","53.73","53.48","-0.32%"
"2019-Oct-18","53.73","53.95","54.62","53.36","-0.41%"
"2019-Oct-17","53.95","52.80","54.14","52.66","2.16%"
"2019-Oct-16","52.81","52.98","53.73","52.55","-0.34%"
"2019-Oct-15","52.99","53.55","53.80","52.41","-1.05%"
"2019-Oct-14","53.55","54.81","54.81","52.81","-2.28%"
"2019-Oct-13","54.80","54.88","54.88","54.70","-0.16%"
"2019-Oct-11","54.89","53.91","54.92","53.66","1.80%"
"2019-Oct-10","53.92","52.23","54.12","52.13","3.30%"
"2019-Oct-09","52.20","52.38","53.73","51.42","-0.40%"
"2019-Oct-08","52.41","52.98","53.27","51.84","-1.02%"
"2019-Oct-07","52.95","52.66","54.06","52.61","0.59%"
"2019-Oct-06","52.64","52.77","52.81","52.62","-0.68%"
"2019-Oct-04","53.00","52.37","53.34","52.06","1.18%"
"2019-Oct-03","52.38","52.45","52.92","51.02","-0.27%"
"2019-Oct-02","52.52","54.09","54.41","52.20","-2.83%"
"2019-Oct-01","54.05","54.24","54.86","53.08","-0.39%"
"2019-Sep-30","54.26","56.06","56.16","54.02","-3.25%"
"2019-Sep-29","56.08","56.39","56.41","56.02","-0.16%"
"2019-Sep-27","56.17","56.24","56.77","54.77","-0.23%"
"2019-Sep-26","56.30","56.77","56.86","55.45","-0.78%"
"2019-Sep-25","56.74","56.84","57.04","55.66","-0.16%"
"2019-Sep-24","56.83","58.35","58.51","56.71","-2.66%"
"2019-Sep-23","58.38","58.73","58.89","57.44","-0.58%"
"2019-Sep-22","58.72","59.27","59.27","58.69","0.53%"
"2019-Sep-20","58.41","58.83","59.27","57.97","-0.78%"
"2019-Sep-19","58.87","58.09","59.52","58.09","1.31%"
"2019-Sep-18","58.11","58.95","59.43","57.69","-1.36%"
"2019-Sep-17","58.91","61.94","62.59","58.48","-4.80%"
"2019-Sep-16","61.88","61.36","63.37","58.81","0.88%"
"2019-Sep-15","61.34","61.98","63.14","60.12","11.85%"
"2019-Sep-13","54.84","55.16","55.67","54.45","-0.60%"
"2019-Sep-12","55.17","56.20","56.36","54.02","-1.87%"
"2019-Sep-11","56.22","57.97","58.29","55.62","-3.02%"
"2019-Sep-10","57.97","58.20","58.76","57.22","-0.38%"
"2019-Sep-09","58.19","56.88","58.25","56.62","2.30%"
"2019-Sep-08","56.88","56.72","57.12","56.72","0.39%"
"2019-Sep-06","56.66","56.30","56.95","54.86","0.68%"
"2019-Sep-05","56.28","56.05","57.73","55.77","0.41%"
"2019-Sep-04","56.05","53.87","56.61","53.87","4.03%"
"2019-Sep-03","53.88","54.70","55.05","52.91","-1.48%"
"2019-Sep-02","54.69","54.84","55.24","54.38","-0.26%"
"2019-Sep-01","54.83","54.98","55.02","54.58","-0.62%"
"2019-Aug-30","55.17","56.59","56.74","54.61","-2.54%"
"2019-Aug-29","56.61","55.88","56.91","55.47","1.31%"
"2019-Aug-28","55.88","55.62","56.72","55.38","0.45%"
"2019-Aug-27","55.63","53.80","55.74","53.73","3.36%"
"2019-Aug-26","53.82","53.16","55.28","53.13","1.26%"
"2019-Aug-25","53.15","53.30","53.44","53.01","-1.50%"
"2019-Aug-23","53.96","55.53","55.63","53.30","-2.86%"
"2019-Aug-22","55.55","56.02","56.49","54.91","-0.84%"
"2019-Aug-21","56.02","56.24","57.16","55.61","-0.37%"
"2019-Aug-20","56.23","56.00","56.63","55.22","0.39%"
"2019-Aug-19","56.01","55.21","56.35","54.88","1.43%"
"2019-Aug-18","55.22","54.98","55.27","54.84","0.62%"
"2019-Aug-16","54.88","54.73","55.63","54.25","0.22%"
"2019-Aug-15","54.76","54.94","55.28","53.74","-0.29%"
"2019-Aug-14","54.92","56.77","56.80","53.95","-3.24%"
"2019-Aug-13","56.76","54.83","57.41","54.21","3.58%"
"2019-Aug-12","54.80","54.21","55.13","53.52","1.11%"
"2019-Aug-11","54.20","54.27","54.39","54.16","-0.04%"
"2019-Aug-09","54.22","52.73","54.84","52.33","2.75%"
"2019-Aug-08","52.77","52.23","52.96","51.88","1.03%"
"2019-Aug-07","52.23","53.33","53.69","50.48","-2.03%"
"2019-Aug-06","53.31","53.99","55.34","53.12","-1.24%"
"2019-Aug-05","53.98","55.26","55.52","53.72","-2.33%"
"2019-Aug-04","55.27","55.24","55.28","55.03","0.27%"
"2019-Aug-02","55.12","54.35","55.93","54.26","1.44%"
"2019-Aug-01","54.34","57.49","57.88","53.52","-5.56%"
"2019-Jul-31","57.54","58.16","58.70","57.34","-1.07%"
"2019-Jul-30","58.16","57.00","58.33","56.88","2.02%"
"2019-Jul-29","57.01","55.88","57.12","55.71","2.02%"
"2019-Jul-28","55.88","56.12","56.20","55.86","-0.30%"
"2019-Jul-26","56.05","55.97","56.42","55.56","0.18%"
"2019-Jul-25","55.95","55.84","56.84","55.68","0.16%"
"2019-Jul-24","55.86","56.92","57.48","55.22","-1.85%"
"2019-Jul-23","56.91","55.97","57.25","55.61","1.72%"
"2019-Jul-22","55.95","56.10","56.87","55.69","-0.25%"
"2019-Jul-21","56.09","56.31","56.31","55.95","0.63%"
"2019-Jul-19","55.74","55.69","56.33","54.98","0.14%"
"2019-Jul-18","55.66","56.53","57.27","54.73","-1.54%"
"2019-Jul-17","56.53","57.58","58.31","56.19","-1.79%"
"2019-Jul-16","57.56","59.44","59.98","57.03","-3.11%"
"2019-Jul-15","59.41","60.08","60.84","59.16","-1.08%"
"2019-Jul-14","60.06","60.23","60.24","60.03","-0.36%"
"2019-Jul-12","60.28","60.36","60.66","59.86","-0.10%"
"2019-Jul-11","60.34","60.41","60.84","60.06","-0.07%"
"2019-Jul-10","60.38","58.55","60.52","58.44","3.09%"
"2019-Jul-09","58.57","57.34","58.59","57.22","2.15%"
"2019-Jul-08","57.34","57.52","58.34","57.21","-0.36%"
"2019-Jul-07","57.55","57.70","57.73","57.49","-0.10%"
"2019-Jul-05","57.61","56.66","57.66","56.18","1.68%"
"2019-Jul-04","56.66","57.26","57.42","56.34","-1.07%"
"2019-Jul-03","57.27","56.42","57.30","55.92","1.54%"
"2019-Jul-02","56.40","58.59","59.27","55.96","-3.72%"
"2019-Jul-01","58.58","59.36","60.11","58.19","-1.35%"
"2019-Jun-30","59.38","59.34","59.78","59.15","2.34%"
"2019-Jun-28","58.02","59.20","59.60","57.59","-1.94%"
"2019-Jun-27","59.17","58.70","59.52","58.42","0.68%"
"2019-Jun-26","58.77","58.61","59.73","58.45","0.31%"
"2019-Jun-25","58.59","57.61","58.63","57.02","1.72%"
"2019-Jun-24","57.60","57.62","57.99","56.56","-0.02%"
"2019-Jun-23","57.61","57.58","57.72","57.41","0.44%"
"2019-Jun-21","57.36","57.23","57.73","56.42","0.31%"
"2019-Jun-20","57.18","54.41","57.53","54.30","5.09%"
"2019-Jun-19","54.41","54.22","54.49","53.28","0.39%"
"2019-Jun-18","54.20","51.86","54.27","51.49","4.55%"
"2019-Jun-17","51.84","52.67","52.72","51.61","-1.56%"
"2019-Jun-16","52.66","52.44","52.70","52.30","0.36%"
"2019-Jun-14","52.47","52.05","52.94","51.67","0.81%"
"2019-Jun-13","52.05","51.17","53.41","50.89","1.66%"
"2019-Jun-12","51.20","52.76","52.76","50.70","-2.98%"
"2019-Jun-11","52.77","53.27","53.99","52.72","-0.96%"
"2019-Jun-10","53.28","54.37","54.48","53.02","-2.02%"
"2019-Jun-09","54.38","54.29","54.77","54.27","0.74%"
"2019-Jun-07","53.98","53.16","54.24","52.56","1.47%"
"2019-Jun-06","53.20","51.53","53.23","51.13","3.20%"
"2019-Jun-05","51.55","52.98","53.33","50.56","-2.70%"
"2019-Jun-04","52.98","53.03","53.69","52.37","-0.08%"
"2019-Jun-03","53.02","52.73","54.53","52.55","0.53%"
"2019-Jun-02","52.74","53.22","53.34","52.06","-0.96%"
"2019-May-31","53.25","55.90","56.12","52.98","-4.55%"
"2019-May-30","55.79","58.95","59.57","55.73","-5.36%"
"2019-May-29","58.95","58.81","59.15","56.80","0.26%"
"2019-May-28","58.80","59.05","59.44","58.52","-0.41%"
"2019-May-27","59.04","58.64","59.11","58.02","0.65%"
"2019-May-26","58.66","58.81","58.88","58.55","-0.37%"
"2019-May-24","58.88","58.06","58.97","57.38","1.43%"
"2019-May-23","58.05","61.21","61.26","57.20","-5.15%"
"2019-May-22","61.20","62.62","62.67","60.89","-2.28%"
"2019-May-21","62.63","63.26","63.62","62.52","-0.96%"
"2019-May-20","63.24","63.40","63.80","62.45","-0.27%"
"2019-May-19","63.41","62.96","63.57","62.96","1.07%"
"2019-May-17","62.74","63.18","63.62","62.53","-0.66%"
"2019-May-16","63.16","62.22","63.45","62.14","1.54%"
"2019-May-15","62.20","61.27","62.31","60.84","1.52%"
"2019-May-14","61.27","60.91","62.08","60.67","0.57%"
"2019-May-13","60.92","61.29","63.30","60.62","-0.62%"
"2019-May-12","61.30","61.61","61.78","61.23","-0.66%"
"2019-May-10","61.71","61.83","62.44","61.39","-0.21%"
"2019-May-09","61.84","61.91","62.16","60.88","-0.11%"
"2019-May-08","61.91","61.52","62.31","61.03","0.65%"
"2019-May-07","61.51","62.23","62.44","60.64","-1.20%"
"2019-May-06","62.26","60.45","62.88","60.01","2.99%"
"2019-May-05","60.45","61.34","61.34","60.32","-2.18%"
"2019-May-03","61.80","61.63","62.45","61.24","0.29%"
"2019-May-02","61.62","63.41","63.59","60.89","-2.82%"
"2019-May-01","63.41","63.45","63.84","62.70","-0.11%"
"2019-Apr-30","63.48","63.48","64.67","63.23","0.02%"
"2019-Apr-29","63.47","62.76","63.61","62.39","1.10%"
"2019-Apr-28","62.78","62.84","62.94","62.72","0.02%"
"2019-Apr-26","62.77","64.86","64.97","62.20","-3.27%"
"2019-Apr-25","64.89","65.65","66.19","64.83","-1.17%"
"2019-Apr-24","65.66","65.92","66.33","65.57","-0.42%"
"2019-Apr-23","65.94","65.69","66.50","65.48","0.41%"
"2019-Apr-22","65.67","64.39","65.88","64.38","1.99%"
"2019-Apr-21","64.39","63.98","64.42","63.98","0.67%"
"2019-Apr-18","63.96","63.70","64.12","63.45","0.39%"
"2019-Apr-17","63.71","64.33","64.56","63.65","-0.96%"
"2019-Apr-16","64.33","63.47","64.41","62.98","1.37%"
"2019-Apr-15","63.46","63.60","63.73","63.01","-0.24%"
"2019-Apr-14","63.61","63.74","63.80","63.49","-0.19%"
"2019-Apr-12","63.73","63.70","64.58","63.65","0.03%"
"2019-Apr-11","63.71","64.28","64.37","63.24","-0.87%"
"2019-Apr-10","64.27","64.08","64.61","63.98","0.28%"
"2019-Apr-09","64.09","64.36","64.69","63.59","-0.40%"
"2019-Apr-08","64.35","63.30","64.38","63.03","1.64%"
"2019-Apr-07","63.31","63.23","63.38","63.22","0.24%"
"2019-Apr-05","63.16","61.84","63.22","61.70","2.13%"
"2019-Apr-04","61.84","62.27","62.63","61.77","-0.67%"
"2019-Apr-03","62.26","62.34","62.83","61.95","-0.16%"
"2019-Apr-02","62.36","61.59","62.59","61.45","1.27%"
"2019-Apr-01","61.58","60.18","61.62","60.17","2.34%"
"2019-Mar-31","60.17","59.97","60.23","59.97","0.32%"
"2019-Mar-29","59.98","59.30","60.51","59.22","1.15%"
"2019-Mar-28","59.30","59.11","59.38","58.01","0.30%"
"2019-Mar-27","59.12","59.63","59.98","58.59","-0.84%"
"2019-Mar-26","59.62","58.90","60.10","58.90","1.19%"
"2019-Mar-25","58.92","58.55","59.09","57.94","0.61%"
"2019-Mar-24","58.56","58.62","58.63","58.49","-0.22%"
"2019-Mar-22","58.69","59.66","59.78","58.02","-1.59%"
"2019-Mar-21","59.64","59.81","60.09","59.39","-0.27%"
"2019-Mar-20","59.80","58.91","59.98","58.30","1.49%"
"2019-Mar-19","58.92","59.03","59.53","58.61","-0.22%"
"2019-Mar-18","59.05","58.41","59.20","58.02","1.10%"
"2019-Mar-17","58.41","58.47","58.48","58.39","0.12%"
"2019-Mar-15","58.34","58.47","58.87","57.69","-0.24%"
"2019-Mar-14","58.48","58.24","58.64","57.91","0.43%"
"2019-Mar-13","58.23","57.05","58.38","56.91","2.05%"
"2019-Mar-12","57.06","56.84","57.42","56.66","0.33%"
"2019-Mar-11","56.87","56.02","56.95","55.92","1.52%"
"2019-Mar-10","56.02","56.05","56.14","56.02","0.29%"
"2019-Mar-08","55.86","56.27","56.30","54.37","-0.75%"
"2019-Mar-07","56.28","55.94","56.80","55.91","0.59%"
"2019-Mar-06","55.95","55.95","56.20","55.28","-0.05%"
"2019-Mar-05","55.98","56.21","56.97","55.88","-0.43%"
"2019-Mar-04","56.22","55.77","56.77","55.59","0.79%"
"2019-Mar-03","55.78","55.66","56.05","55.62","0.50%"
"2019-Mar-01","55.50","56.92","57.56","55.32","-2.53%"
"2019-Feb-28","56.94","56.69","57.13","56.16","0.42%"
"2019-Feb-27","56.70","55.74","57.09","55.44","1.74%"
"2019-Feb-26","55.73","55.16","55.77","54.73","1.05%"
"2019-Feb-25","55.15","57.02","57.20","54.79","-3.28%"
"2019-Feb-24","57.02","56.80","57.02","56.80","0.49%"
"2019-Feb-22","56.74","56.48","57.44","56.45","0.44%"
"2019-Feb-21","56.49","56.84","57.19","56.28","-0.60%"
"2019-Feb-20","56.83","56.47","57.62","55.86","1.65%"
"2019-Feb-19","55.91","55.87","56.23","55.28","0.09%"
"2019-Feb-18","55.86","55.88","56.30","55.72","-0.09%"
"2019-Feb-17","55.91","55.76","55.97","55.70","0.27%"
"2019-Feb-15","55.76","54.52","55.76","54.20","2.27%"
"2019-Feb-14","54.52","53.91","54.62","53.05","1.11%"
"2019-Feb-13","53.92","53.41","54.52","53.22","0.95%"
"2019-Feb-12","53.41","52.34","53.97","52.30","2.04%"
"2019-Feb-11","52.34","52.41","52.56","51.17","-0.13%"
"2019-Feb-10","52.41","52.59","52.68","52.41","-0.36%"
"2019-Feb-08","52.60","52.37","52.88","51.98","0.42%"
"2019-Feb-07","52.38","53.84","54.08","51.69","-2.69%"
"2019-Feb-06","53.83","53.63","54.16","52.74","0.35%"
"2019-Feb-05","53.64","54.59","55.05","53.36","-1.74%"
"2019-Feb-04","54.59","55.08","55.58","53.16","-0.85%"
"2019-Feb-03","55.06","55.13","55.27","54.98","-0.20%"
"2019-Feb-01","55.17","53.70","55.43","53.20","2.72%"
"2019-Jan-31","53.71","54.30","55.16","53.44","-1.05%"
"2019-Jan-30","54.28","53.12","54.72","52.91","2.18%"
"2019-Jan-29","53.12","51.85","53.70","51.65","2.43%"
"2019-Jan-28","51.86","53.06","53.38","51.13","-2.24%"
"2019-Jan-27","53.05","53.38","53.41","53.04","-0.47%"
"2019-Jan-25","53.30","52.84","53.67","52.67","0.87%"
"2019-Jan-24","52.84","52.22","53.20","51.86","1.23%"
"2019-Jan-23","52.20","52.63","53.37","51.62","-0.80%"
"2019-Jan-22","52.62","53.98","54.03","51.80","-2.47%"
"2019-Jan-21","53.95","53.37","54.19","53.29","1.11%"
"2019-Jan-20","53.36","53.67","53.77","53.28","-0.58%"
"2019-Jan-18","53.67","52.16","53.83","52.16","2.88%"
"2019-Jan-17","52.17","52.22","52.55","50.98","-0.11%"
"2019-Jan-16","52.23","51.86","52.49","51.26","0.69%"
"2019-Jan-15","51.87","50.66","52.27","50.64","2.43%"
"2019-Jan-14","50.64","51.77","51.89","50.38","-2.20%"
"2019-Jan-13","51.78","51.73","52.05","51.73","0.27%"
"2019-Jan-11","51.64","52.22","53.23","51.12","-1.07%"
"2019-Jan-10","52.20","52.09","52.70","51.31","0.23%"
"2019-Jan-09","52.08","49.88","52.48","49.84","4.39%"
"2019-Jan-08","49.89","48.64","49.92","48.22","2.53%"
"2019-Jan-07","48.66","48.51","49.68","48.24","0.35%"
"2019-Jan-06","48.49","48.18","48.53","48.02","0.64%"
"2019-Jan-04","48.18","46.76","49.09","46.52","2.99%"
"2019-Jan-03","46.78","45.66","47.34","45.23","2.45%"
"2019-Jan-02","45.66","45.72","47.61","44.23","1.47%"
"2018-Dec-31","45.00","45.34","46.36","44.59","-0.75%"
"2018-Dec-30","45.34","45.14","45.44","45.12","0.94%"
"2018-Dec-28","44.92","45.23","46.02","44.27","-0.69%"
"2018-Dec-27","45.23","46.41","46.41","44.20","-2.50%"
"2018-Dec-26","46.39","43.09","46.78","42.34","9.75%"
"2018-Dec-24","42.27","45.34","45.95","42.22","-6.75%"
"2018-Dec-23","45.33","45.19","45.47","45.18","0.55%"
"2018-Dec-21","45.08","46.08","46.47","44.86","-2.13%"
"2018-Dec-20","46.06","47.07","47.20","45.39","-2.17%"
"2018-Dec-19","47.08","46.31","48.01","46.01","1.68%"
"2018-Dec-18","46.30","49.31","49.56","45.80","-6.12%"
"2018-Dec-17","49.32","51.30","51.84","49.03","-3.86%"
"2018-Dec-16","51.30","51.23","51.38","51.23","0.25%"
"2018-Dec-14","51.17","52.78","52.78","50.83","-3.05%"
"2018-Dec-13","52.78","51.32","53.20","50.31","2.86%"
"2018-Dec-12","51.31","51.99","52.77","50.91","-1.29%"
"2018-Dec-11","51.98","50.90","52.35","50.65","2.14%"
"2018-Dec-10","50.89","52.36","52.73","50.53","-2.75%"
"2018-Dec-09","52.33","52.08","52.51","52.08","0.54%"
"2018-Dec-07","52.05","51.42","54.13","50.52","1.23%"
"2018-Dec-06","51.42","52.58","53.20","50.02","-2.22%"
"2018-Dec-05","52.59","52.69","54.28","52.08","-0.17%"
"2018-Dec-04","52.68","53.14","54.45","52.38","-0.90%"
"2018-Dec-03","53.16","52.22","53.73","51.97","1.82%"
"2018-Dec-02","52.21","52.40","52.40","51.94","3.18%"
"2018-Nov-30","50.60","51.30","51.66","49.56","-1.31%"
"2018-Nov-29","51.27","50.48","52.06","49.34","1.59%"
"2018-Nov-28","50.47","51.92","52.41","49.96","-2.81%"
"2018-Nov-27","51.93","51.47","52.22","50.19","0.93%"
"2018-Nov-26","51.45","50.45","52.09","50.23","1.98%"
"2018-Nov-25","50.45","50.47","50.91","50.02","-0.86%"
"2018-Nov-23","50.89","53.88","53.91","50.43","-5.48%"
"2018-Nov-22","53.84","54.48","54.63","53.36","-1.16%"
"2018-Nov-21","54.47","53.33","55.66","53.30","2.20%"
"2018-Nov-20","53.30","57.17","57.21","52.61","-6.80%"
"2018-Nov-19","57.19","57.10","57.38","55.09","0.18%"
"2018-Nov-18","57.09","56.80","57.15","56.71","0.49%"
"2018-Nov-16","56.81","56.48","57.94","55.90","0.60%"
"2018-Nov-15","56.47","55.89","57.23","55.59","1.04%"
"2018-Nov-14","55.89","55.69","57.30","55.12","0.34%"
"2018-Nov-13","55.70","58.92","59.33","54.76","-5.50%"
"2018-Nov-12","58.94","60.74","61.24","58.66","-3.00%"
"2018-Nov-11","60.76","60.69","60.92","60.53","1.61%"
"2018-Nov-09","59.80","60.69","60.73","59.24","-1.45%"
"2018-Nov-08","60.68","61.63","62.37","60.41","-1.53%"
"2018-Nov-07","61.62","61.76","63.12","61.16","-0.19%"
"2018-Nov-06","61.74","62.78","63.26","61.27","-1.69%"
"2018-Nov-05","62.80","62.91","64.08","62.48","-0.17%"
"2018-Nov-04","62.91","62.95","63.01","62.83","0.22%"
"2018-Nov-02","62.77","63.52","63.88","62.59","-1.18%"
"2018-Nov-01","63.52","64.92","65.30","63.07","-2.20%"
"2018-Oct-31","64.95","66.36","66.90","64.73","-2.18%"
"2018-Oct-30","66.40","66.58","67.16","65.29","-0.32%"
"2018-Oct-29","66.61","67.60","67.85","66.22","-1.45%"
"2018-Oct-28","67.59","67.46","67.66","67.42","0.13%"
"2018-Oct-26","67.50","66.82","67.77","66.11","1.03%"
"2018-Oct-25","66.81","66.08","67.53","65.92","1.14%"
"2018-Oct-24","66.06","66.22","67.61","65.94","-0.32%"
"2018-Oct-23","66.27","69.48","69.50","65.64","-4.61%"
"2018-Oct-22","69.47","69.31","69.71","68.34","0.19%"
"2018-Oct-21","69.34","69.52","69.55","69.18","-0.07%"
"2018-Oct-19","69.39","68.85","69.79","68.59","0.81%"
"2018-Oct-18","68.83","69.94","70.00","68.53","-1.60%"
"2018-Oct-17","69.95","72.33","72.36","69.50","-3.28%"
"2018-Oct-16","72.32","71.93","72.49","71.11","0.56%"
"2018-Oct-15","71.92","72.42","72.47","70.94","-0.65%"
"2018-Oct-14","72.39","72.00","72.78","71.86","1.16%"
"2018-Oct-12","71.56","71.19","72.11","70.77","0.51%"
"2018-Oct-11","71.20","72.78","72.84","70.64","-2.20%"
"2018-Oct-10","72.80","74.90","75.22","72.53","-2.82%"
"2018-Oct-09","74.91","74.44","75.41","74.16","0.66%"
"2018-Oct-08","74.42","74.03","74.50","73.27","0.50%"
"2018-Oct-07","74.05","74.62","74.73","73.81","-0.60%"
"2018-Oct-05","74.50","74.95","75.41","74.17","-0.63%"
"2018-Oct-04","74.97","76.41","76.67","74.11","-1.86%"
"2018-Oct-03","76.39","75.41","77.12","74.56","1.29%"
"2018-Oct-02","75.42","75.76","76.14","75.17","-0.46%"
"2018-Oct-01","75.77","73.73","76.00","73.19","2.74%"
"2018-Sep-30","73.75","73.58","73.78","73.56","-0.04%"
"2018-Sep-28","73.78","72.42","74.00","72.16","1.88%"
"2018-Sep-27","72.42","72.44","72.86","72.02","0.00%"
"2018-Sep-26","72.42","72.25","72.67","71.78","0.26%"
"2018-Sep-25","72.23","72.47","73.05","72.19","-0.37%"
"2018-Sep-24","72.50","71.92","73.06","71.81","0.96%"
"2018-Sep-23","71.81","71.58","71.98","71.55","1.01%"
"2018-Sep-21","71.09","70.56","72.11","70.33","0.77%"
"2018-Sep-20","70.55","71.41","71.70","70.39","-1.22%"
"2018-Sep-19","71.42","69.88","71.55","69.69","2.23%"
"2018-Sep-18","69.86","68.62","70.48","68.61","1.82%"
"2018-Sep-17","68.61","68.86","69.80","68.61","-0.41%"
"2018-Sep-16","68.89","69.11","69.16","68.89","-0.40%"
"2018-Sep-14","69.17","69.06","70.08","68.13","0.19%"
"2018-Sep-13","69.04","70.42","70.44","68.56","-1.92%"
"2018-Sep-12","70.39","70.11","71.50","69.75","0.43%"
"2018-Sep-11","70.09","67.84","70.25","67.75","3.29%"
"2018-Sep-10","67.86","68.39","68.81","67.64","-0.82%"
"2018-Sep-09","68.42","68.14","68.45","68.14","0.37%"
"2018-Sep-07","68.17","68.33","68.46","67.23","-0.23%"
"2018-Sep-06","68.33","69.01","69.42","67.39","-1.00%"
"2018-Sep-05","69.02","69.84","70.03","68.99","-1.20%"
"2018-Sep-04","69.86","70.60","71.89","69.55","-1.06%"
"2018-Sep-03","70.61","70.42","70.71","70.06","0.24%"
"2018-Sep-02","70.44","70.44","70.51","70.41","-0.07%"
"2018-Aug-31","70.49","70.67","70.96","70.25","-0.21%"
"2018-Aug-30","70.64","70.31","71.11","70.19","0.48%"
"2018-Aug-29","70.30","69.22","70.39","69.03","1.56%"
"2018-Aug-28","69.22","69.66","69.86","68.88","-0.65%"
"2018-Aug-27","69.67","69.37","69.72","69.05","0.42%"
"2018-Aug-26","69.38","69.31","69.39","69.25","0.06%"
"2018-Aug-24","69.34","68.67","70.10","68.58","1.01%"
"2018-Aug-23","68.65","68.82","68.88","68.14","-0.23%"
"2018-Aug-22","68.81","66.89","68.96","66.81","2.89%"
"2018-Aug-21","66.88","66.31","67.33","66.17","0.86%"
"2018-Aug-20","66.31","65.86","66.42","65.65","0.68%"
"2018-Aug-19","65.86","65.99","66.00","65.84","-0.33%"
"2018-Aug-17","66.08","65.58","66.53","65.50","0.72%"
"2018-Aug-16","65.61","65.09","65.72","64.69","0.77%"
"2018-Aug-15","65.11","67.00","67.17","64.76","-2.85%"
"2018-Aug-14","67.02","67.73","68.66","66.83","-1.03%"
"2018-Aug-13","67.72","68.19","68.19","66.05","-0.66%"
"2018-Aug-12","68.17","68.16","68.31","67.97","-0.09%"
"2018-Aug-10","68.23","67.24","68.33","66.62","1.46%"
"2018-Aug-09","67.25","67.30","67.92","67.02","-0.09%"
"2018-Aug-08","67.31","69.79","69.94","66.89","-3.54%"
"2018-Aug-07","69.78","69.50","70.43","69.44","0.40%"
"2018-Aug-06","69.50","69.23","70.56","69.20","0.36%"
"2018-Aug-05","69.25","69.30","69.33","69.17","-0.24%"
"2018-Aug-03","69.42","69.73","70.00","68.64","-0.43%"
"2018-Aug-02","69.72","68.62","70.17","67.73","1.57%"
"2018-Aug-01","68.64","69.28","69.36","68.16","-0.92%"
"2018-Jul-31","69.28","71.03","71.16","69.03","-2.48%"
"2018-Jul-30","71.04","69.91","71.39","69.76","1.60%"
"2018-Jul-29","69.92","70.00","70.03","69.89","-0.21%"
"2018-Jul-27","70.07","70.67","70.83","69.33","-0.81%"
"2018-Jul-26","70.64","70.59","71.05","70.06","0.09%"
"2018-Jul-25","70.58","69.93","70.84","69.36","0.96%"
"2018-Jul-24","69.91","69.00","70.24","68.78","1.29%"
"2018-Jul-23","69.02","69.56","70.56","68.83","-0.73%"
"2018-Jul-22","69.53","69.39","69.61","69.33","0.09%"
"2018-Jul-20","69.47","69.53","70.28","69.08","-0.07%"
"2018-Jul-19","69.52","68.92","70.17","67.81","0.84%"
"2018-Jul-18","68.94","67.83","69.06","67.08","1.67%"
"2018-Jul-17","67.81","68.06","68.45","67.10","-0.40%"
"2018-Jul-16","68.08","70.70","70.89","67.61","-3.72%"
"2018-Jul-15","70.71","70.53","70.87","70.51","0.17%"
"2018-Jul-13","70.59","70.33","71.69","69.89","0.33%"
"2018-Jul-12","70.36","70.62","71.25","69.30","-0.40%"
"2018-Jul-11","70.64","74.08","74.08","70.07","-4.64%"
"2018-Jul-10","74.08","74.04","74.73","73.72","0.07%"
"2018-Jul-09","74.03","73.94","74.30","73.05","0.12%"
"2018-Jul-08","73.94","73.92","74.12","73.81","-0.08%"
"2018-Jul-06","74.00","73.17","74.06","72.22","1.16%"
"2018-Jul-05","73.15","74.20","74.86","72.62","-1.44%"
"2018-Jul-04","74.22","74.70","74.84","73.59","-0.67%"
"2018-Jul-03","74.72","74.08","75.34","72.86","0.89%"
"2018-Jul-02","74.06","73.58","74.43","73.20","0.64%"
"2018-Jul-01","73.59","73.72","74.03","72.78","-1.08%"
"2018-Jun-29","74.39","73.47","74.56","73.05","1.28%"
"2018-Jun-28","73.45","72.61","74.11","72.38","1.16%"
"2018-Jun-27","72.61","70.74","73.17","70.69","2.63%"
"2018-Jun-26","70.75","68.16","70.99","67.86","3.80%"
"2018-Jun-25","68.16","68.90","69.52","67.92","-1.06%"
"2018-Jun-24","68.89","68.87","68.98","68.48","-0.66%"
"2018-Jun-22","69.35","66.01","69.51","65.97","5.12%"
"2018-Jun-21","65.97","65.69","66.35","64.48","0.46%"
"2018-Jun-20","65.67","65.27","66.48","64.94","0.64%"
"2018-Jun-19","65.25","65.61","65.83","64.39","-0.55%"
"2018-Jun-18","65.61","64.38","65.97","63.59","1.89%"
"2018-Jun-17","64.39","64.41","64.53","64.19","0.06%"
"2018-Jun-15","64.35","66.95","67.06","64.28","-3.87%"
"2018-Jun-14","66.94","66.62","67.14","66.34","0.48%"
"2018-Jun-13","66.62","65.82","66.83","65.80","1.20%"
"2018-Jun-12","65.83","66.11","66.65","65.50","-0.42%"
"2018-Jun-11","66.11","65.53","66.31","64.83","0.90%"
"2018-Jun-10","65.52","65.50","65.55","65.30","-0.05%"
"2018-Jun-08","65.55","66.11","66.17","65.19","-0.82%"
"2018-Jun-07","66.09","65.12","66.14","64.80","1.51%"
"2018-Jun-06","65.11","65.52","65.92","64.25","-0.61%"
"2018-Jun-05","65.51","64.92","65.57","64.19","0.91%"
"2018-Jun-04","64.92","65.70","65.98","64.53","-1.22%"
"2018-Jun-03","65.72","65.61","65.72","65.53","0.02%"
"2018-Jun-01","65.71","67.05","67.28","65.45","-1.95%"
"2018-May-31","67.02","68.06","68.15","66.58","-1.50%"
"2018-May-30","68.04","66.75","68.55","66.30","1.96%"
"2018-May-29","66.73","66.95","67.27","65.86","-0.36%"
"2018-May-28","66.97","67.31","67.33","65.73","-0.48%"
"2018-May-27","67.29","67.28","67.42","66.93","-0.19%"
"2018-May-25","67.42","70.61","70.66","67.34","-4.49%"
"2018-May-24","70.59","71.73","71.77","70.45","-1.62%"
"2018-May-23","71.75","72.09","72.16","71.11","-0.46%"
"2018-May-22","72.08","72.44","72.80","71.81","-0.50%"
"2018-May-21","72.44","71.67","72.58","71.25","1.07%"
"2018-May-20","71.67","71.36","71.81","71.36","0.39%"
"2018-May-18","71.39","71.56","71.75","71.00","-0.27%"
"2018-May-17","71.58","71.53","72.30","71.11","0.04%"
"2018-May-16","71.55","70.98","71.58","70.67","0.82%"
"2018-May-15","70.97","71.06","71.89","70.44","-0.13%"
"2018-May-14","71.06","70.66","71.23","70.28","0.59%"
"2018-May-13","70.64","70.50","70.69","70.44","0.17%"
"2018-May-11","70.52","71.52","71.59","70.45","-1.37%"
"2018-May-10","71.50","71.41","71.86","70.58","0.11%"
"2018-May-09","71.42","70.20","71.50","70.13","1.72%"
"2018-May-08","70.21","70.01","70.36","67.65","0.27%"
"2018-May-07","70.02","69.79","70.82","69.51","0.34%"
"2018-May-06","69.78","69.88","69.89","69.76","0.00%"
"2018-May-04","69.78","68.52","69.95","68.13","1.85%"
"2018-May-03","68.51","67.68","68.63","67.22","1.26%"
"2018-May-02","67.66","67.44","68.13","66.93","0.31%"
"2018-May-01","67.45","68.54","68.84","66.86","-1.58%"
"2018-Apr-30","68.53","67.98","69.33","67.19","0.79%"
"2018-Apr-29","67.99","68.16","68.16","67.95","0.01%"
"2018-Apr-27","67.98","68.11","68.34","67.64","-0.19%"
"2018-Apr-26","68.11","68.20","68.77","67.72","-0.16%"
"2018-Apr-25","68.22","67.83","68.31","67.11","0.57%"
"2018-Apr-24","67.83","69.00","69.36","67.55","-1.67%"
"2018-Apr-23","68.98","68.25","69.03","67.14","1.10%"
"2018-Apr-22","68.23","68.17","68.39","68.17","0.21%"
"2018-Apr-20","68.09","68.36","68.64","67.48","-0.44%"
"2018-Apr-19","68.39","68.74","69.55","68.00","-0.52%"
"2018-Apr-18","68.75","66.61","68.89","66.61","3.24%"
"2018-Apr-17","66.59","66.44","66.73","65.56","0.26%"
"2018-Apr-16","66.42","67.13","67.14","66.14","-1.07%"
"2018-Apr-15","67.14","67.37","67.69","67.01","-0.25%"
"2018-Apr-13","67.31","66.86","67.72","66.69","0.72%"
"2018-Apr-12","66.83","66.81","67.30","65.98","0.04%"
"2018-Apr-11","66.80","65.61","67.36","65.13","1.80%"
"2018-Apr-10","65.62","63.25","65.83","63.19","3.73%"
"2018-Apr-09","63.26","62.14","63.58","62.06","1.82%"
"2018-Apr-08","62.13","61.97","62.16","61.91","0.39%"
"2018-Apr-06","61.89","63.14","63.63","61.77","-1.95%"
"2018-Apr-05","63.12","63.62","64.08","62.83","-0.77%"
"2018-Apr-04","63.61","63.50","63.66","62.03","0.20%"
"2018-Apr-03","63.48","63.02","63.78","62.98","0.73%"
"2018-Apr-02","63.02","65.05","65.36","62.79","-3.09%"
"2018-Apr-01","65.03","64.84","65.08","64.84","0.26%"
"2018-Mar-29","64.86","64.61","65.19","64.11","0.39%"
"2018-Mar-28","64.61","64.76","65.05","63.66","-0.22%"
"2018-Mar-27","64.75","65.52","66.33","64.48","-1.15%"
"2018-Mar-26","65.50","66.33","66.38","65.02","-1.25%"
"2018-Mar-25","66.33","65.81","66.47","65.58","0.88%"
"2018-Mar-23","65.75","64.48","65.91","64.33","1.99%"
"2018-Mar-22","64.47","65.31","65.36","64.03","-1.27%"
"2018-Mar-21","65.30","63.67","65.62","63.51","2.58%"
"2018-Mar-20","63.66","62.15","63.89","62.14","2.45%"
"2018-Mar-19","62.14","62.12","62.35","61.38","0.03%"
"2018-Mar-18","62.12","62.20","62.20","62.10","-0.22%"
"2018-Mar-16","62.26","61.25","62.55","61.09","1.63%"
"2018-Mar-15","61.26","60.97","61.55","60.84","0.51%"
"2018-Mar-14","60.95","60.91","61.34","60.14","0.10%"
"2018-Mar-13","60.89","61.33","61.98","60.30","-0.69%"
"2018-Mar-12","61.31","62.19","62.35","60.70","-1.40%"
"2018-Mar-11","62.18","62.11","62.24","62.10","0.00%"
"2018-Mar-09","62.18","60.33","62.20","60.17","3.08%"
"2018-Mar-08","60.32","61.34","61.44","60.03","-1.66%"
"2018-Mar-07","61.34","62.07","62.62","60.63","-1.19%"
"2018-Mar-06","62.08","62.66","63.31","62.01","-0.91%"
"2018-Mar-05","62.65","61.62","62.84","61.16","1.67%"
"2018-Mar-04","61.62","61.63","61.77","61.53","0.16%"
"2018-Mar-02","61.52","61.29","61.64","60.20","0.36%"
"2018-Mar-01","61.30","60.75","61.59","60.44","-0.36%"
"2018-Feb-28","61.52","62.88","63.47","61.44","-2.18%"
"2018-Feb-27","62.89","64.03","64.14","62.71","-1.81%"
"2018-Feb-26","64.05","63.66","64.30","63.13","0.64%"
"2018-Feb-25","63.64","63.66","63.67","63.62","-0.02%"
"2018-Feb-23","63.65","62.73","63.80","62.41","1.47%"
"2018-Feb-22","62.73","61.31","63.16","60.88","2.28%"
"2018-Feb-21","61.33","61.73","61.92","61.01","-0.65%"
"2018-Feb-20","61.73","62.48","62.72","61.52","-1.18%"
"2018-Feb-19","62.47","61.82","62.58","61.78","1.04%"
"2018-Feb-18","61.83","61.63","61.84","61.62","0.29%"
"2018-Feb-16","61.65","61.49","61.99","60.89","0.26%"
"2018-Feb-15","61.49","60.84","61.65","59.74","1.08%"
"2018-Feb-14","60.83","58.96","60.91","58.22","3.15%"
"2018-Feb-13","58.97","59.53","59.74","58.43","-0.97%"
"2018-Feb-12","59.55","59.38","60.79","59.23","0.27%"
"2018-Feb-11","59.39","59.17","59.43","59.13","0.51%"
"2018-Feb-09","59.09","60.52","60.78","58.10","-2.36%"
"2018-Feb-08","60.52","61.72","62.12","60.30","-1.93%"
"2018-Feb-07","61.71","63.91","64.22","61.29","-3.44%"
"2018-Feb-06","63.91","63.62","64.33","63.16","0.46%"
"2018-Feb-05","63.62","65.05","65.44","63.42","-2.21%"
"2018-Feb-04","65.06","65.14","65.14","64.93","-0.09%"
"2018-Feb-02","65.12","66.12","66.35","64.53","-1.50%"
"2018-Feb-01","66.11","64.92","66.29","64.69","1.82%"
"2018-Jan-31","64.93","63.84","65.05","63.83","1.72%"
"2018-Jan-30","63.83","65.55","65.56","63.73","-2.64%"
"2018-Jan-29","65.56","66.32","66.52","65.05","-1.13%"
"2018-Jan-28","66.31","66.30","66.33","66.18","0.00%"
"2018-Jan-26","66.31","65.21","66.41","65.21","1.67%"
"2018-Jan-25","65.22","65.84","66.72","65.01","-0.96%"
"2018-Jan-24","65.85","64.50","66.12","64.44","2.08%"
"2018-Jan-23","64.51","63.95","64.94","63.78","0.89%"
"2018-Jan-22","63.94","63.50","64.19","63.14","0.71%"
"2018-Jan-21","63.49","63.57","63.59","63.32","-0.11%"
"2018-Jan-19","63.56","63.67","63.74","62.84","-0.16%"
"2018-Jan-18","63.66","64.20","64.28","63.47","-0.86%"
"2018-Jan-17","64.21","63.86","64.33","63.31","0.53%"
"2018-Jan-16","63.87","64.75","64.75","63.38","-1.31%"
"2018-Jan-15","64.72","64.27","64.79","64.09","0.68%"
"2018-Jan-14","64.28","64.40","64.42","64.19","-0.16%"
"2018-Jan-12","64.38","63.52","64.48","63.05","1.37%"
"2018-Jan-11","63.51","63.43","64.74","63.43","0.11%"
"2018-Jan-10","63.44","63.33","63.65","63.08","0.16%"
"2018-Jan-09","63.34","62.22","63.51","61.78","1.78%"
"2018-Jan-08","62.23","61.63","62.52","61.31","0.96%"
"2018-Jan-07","61.64","61.68","61.70","61.62","0.15%"
"2018-Jan-05","61.55","61.91","62.01","61.09","-0.60%"
"2018-Jan-04","61.92","61.80","62.18","61.58","0.18%"
"2018-Jan-03","61.81","60.39","61.93","60.26","2.33%"
"2018-Jan-02","60.40","60.22","60.71","60.09","0.28%"
"2017-Dec-29","60.23","59.80","60.45","59.79","0.70%"
"2017-Dec-28","59.81","59.55","59.89","59.42","0.45%"
"2017-Dec-27","59.54","59.77","59.89","59.30","-0.40%"
"2017-Dec-26","59.78","58.52","59.97","58.29","2.29%"
"2017-Dec-22","58.44","58.13","58.45","57.84","0.52%"
"2017-Dec-21","58.14","57.99","58.34","57.59","0.24%"
"2017-Dec-20","58.00","57.64","58.07","57.44","0.61%"
"2017-Dec-19","57.65","57.27","57.73","57.16","0.65%"
"2017-Dec-18","57.28","57.37","57.77","56.84","-0.17%"
"2017-Dec-17","57.38","57.36","57.41","57.35","0.12%"
"2017-Dec-15","57.31","57.05","57.43","56.93","0.46%"
"2017-Dec-14","57.05","56.75","57.27","56.05","0.55%"
"2017-Dec-13","56.74","57.39","57.76","56.51","-1.17%"
"2017-Dec-12","57.41","57.87","58.50","56.80","-0.81%"
"2017-Dec-11","57.88","57.11","58.00","56.87","1.33%"
"2017-Dec-10","57.12","57.20","57.20","57.08","-0.23%"
"2017-Dec-08","57.25","56.49","57.69","56.47","1.33%"
"2017-Dec-07","56.50","56.01","56.68","55.74","0.91%"
"2017-Dec-06","55.99","57.36","57.47","55.78","-2.35%"
"2017-Dec-05","57.34","57.36","57.80","56.98","-0.02%"
"2017-Dec-04","57.35","58.10","58.12","57.25","-1.27%"
"2017-Dec-03","58.09","58.19","58.19","58.05","-0.14%"
"2017-Dec-01","58.17","57.23","58.74","57.22","1.62%"
"2017-Nov-30","57.24","57.22","57.83","56.74","0.02%"
"2017-Nov-29","57.23","57.57","58.14","56.62","-0.57%"
"2017-Nov-28","57.56","57.72","57.95","57.28","-0.26%"
"2017-Nov-27","57.71","58.70","58.76","57.40","-1.70%"
"2017-Nov-26","58.71","58.81","58.81","58.68","0.05%"
"2017-Nov-24","58.68","58.20","58.73","58.19","0.79%"
"2017-Nov-23","58.22","57.78","58.33","57.57","0.74%"
"2017-Nov-22","57.79","56.88","57.94","56.88","1.60%"
"2017-Nov-21","56.88","56.15","57.01","56.13","1.28%"
"2017-Nov-20","56.16","56.57","56.76","55.57","-0.74%"
"2017-Nov-19","56.58","56.59","56.59","56.51","-0.05%"
"2017-Nov-17","56.61","55.17","56.64","55.17","2.61%"
"2017-Nov-16","55.17","55.26","55.57","54.91","-0.14%"
"2017-Nov-15","55.25","55.02","55.50","54.89","0.42%"
"2017-Nov-14","55.02","56.66","56.69","54.78","-2.91%"
"2017-Nov-13","56.67","56.83","57.09","56.24","-0.30%"
"2017-Nov-12","56.84","56.83","56.95","56.82","0.05%"
"2017-Nov-10","56.81","56.95","57.26","56.48","-0.26%"
"2017-Nov-09","56.96","56.76","57.42","56.61","0.33%"
"2017-Nov-08","56.77","56.92","57.81","56.36","-0.25%"
"2017-Nov-07","56.91","57.11","57.58","56.75","-0.37%"
"2017-Nov-06","57.12","55.71","57.49","55.55","2.51%"
"2017-Nov-05","55.72","55.80","55.87","55.68","0.23%"
"2017-Nov-03","55.59","54.78","55.62","54.29","1.46%"
"2017-Nov-02","54.79","54.12","54.89","53.86","1.26%"
"2017-Nov-01","54.11","54.44","55.07","53.76","-0.59%"
"2017-Oct-31","54.43","53.92","54.67","53.78","0.96%"
"2017-Oct-30","53.91","53.91","54.29","53.60","0.00%"
"2017-Oct-29","53.91","53.93","53.93","53.88","-0.17%"
"2017-Oct-27","54.00","52.51","54.01","52.09","2.86%"
"2017-Oct-26","52.50","51.96","52.68","51.75","1.06%"
"2017-Oct-25","51.95","52.27","52.28","51.73","-0.61%"
"2017-Oct-24","52.27","51.71","52.38","51.37","1.06%"
"2017-Oct-23","51.72","51.91","52.09","51.50","-0.37%"
"2017-Oct-22","51.91","51.88","52.03","51.88","0.14%"
"2017-Oct-20","51.84","51.41","51.85","50.66","0.88%"
"2017-Oct-19","51.39","52.09","52.14","51.07","-1.32%"
"2017-Oct-18","52.08","51.98","52.30","51.66","0.19%"
"2017-Oct-17","51.98","51.78","52.20","51.18","0.37%"
"2017-Oct-16","51.79","51.81","52.30","51.56","-0.06%"
"2017-Oct-15","51.82","51.37","51.91","51.33","0.99%"
"2017-Oct-13","51.31","50.61","51.61","50.60","1.40%"
"2017-Oct-12","50.60","50.98","51.01","50.05","-0.73%"
"2017-Oct-11","50.97","50.75","51.28","50.49","0.45%"
"2017-Oct-10","50.74","49.44","50.92","49.42","2.65%"
"2017-Oct-09","49.43","49.29","49.62","48.98","0.30%"
"2017-Oct-08","49.28","49.09","49.30","49.09","0.51%"
"2017-Oct-06","49.03","50.55","50.62","48.92","-3.03%"
"2017-Oct-05","50.56","49.67","50.99","49.63","1.81%"
"2017-Oct-04","49.66","49.84","50.45","49.61","-0.34%"
"2017-Oct-03","49.83","50.30","50.49","49.72","-0.93%"
"2017-Oct-02","50.30","51.37","51.41","49.83","-2.06%"
"2017-Oct-01","51.36","51.38","51.45","51.36","0.04%"
"2017-Sep-29","51.34","51.30","51.47","50.98","0.12%"
"2017-Sep-28","51.28","51.76","52.54","50.92","-0.91%"
"2017-Sep-27","51.75","51.76","52.01","51.33","0.02%"
"2017-Sep-26","51.74","51.72","52.07","51.10","0.02%"
"2017-Sep-25","51.73","50.28","51.92","50.05","2.90%"
"2017-Sep-24","50.27","50.35","50.35","50.25","0.00%"
"2017-Sep-22","50.27","50.30","50.39","49.91","-0.08%"
"2017-Sep-21","50.31","50.30","50.40","49.68","0.02%"
"2017-Sep-20","50.30","49.80","50.70","49.74","1.02%"
"2017-Sep-19","49.79","49.94","50.42","49.32","-0.32%"
"2017-Sep-18","49.95","49.78","50.31","49.19","0.32%"
"2017-Sep-17","49.79","49.84","49.85","49.70","-0.02%"
"2017-Sep-15","49.80","49.73","50.09","49.38","0.16%"
"2017-Sep-14","49.72","49.17","50.46","49.12","1.08%"
"2017-Sep-13","49.19","48.26","49.36","48.09","1.95%"
"2017-Sep-12","48.25","48.02","48.39","47.70","0.48%"
"2017-Sep-11","48.02","47.63","48.20","46.95","0.84%"
"2017-Sep-10","47.62","47.52","47.67","47.52","0.27%"
"2017-Sep-08","47.49","49.05","49.18","47.22","-3.16%"
"2017-Sep-07","49.04","49.09","49.25","48.56","-0.10%"
"2017-Sep-06","49.09","48.49","49.34","48.44","1.22%"
"2017-Sep-05","48.50","47.33","48.89","47.27","2.49%"
"2017-Sep-04","47.32","47.28","47.55","47.17","-0.02%"
"2017-Sep-01","47.33","47.12","47.39","46.60","0.53%"
"2017-Aug-31","47.08","45.97","47.49","45.60","2.48%"
"2017-Aug-30","45.94","46.34","46.75","45.88","-0.80%"
"2017-Aug-29","46.31","46.87","46.97","45.77","-1.00%"
"2017-Aug-28","46.78","47.94","48.25","46.19","-2.20%"
"2017-Aug-25","47.83","47.65","47.94","47.42","0.50%"
"2017-Aug-24","47.59","48.39","48.47","47.09","-1.65%"
"2017-Aug-23","48.39","47.67","48.53","47.56","1.57%"
"2017-Aug-22","47.64","47.45","48.03","47.20","0.02%"
"2017-Aug-21","47.63","48.98","49.02","47.30","-2.06%"
"2017-Aug-18","48.63","47.05","48.86","46.90","3.58%"
"2017-Aug-17","46.95","46.84","47.23","46.50","0.36%"
"2017-Aug-16","46.78","47.74","48.01","46.69","-1.93%"
"2017-Aug-15","47.70","47.52","47.92","47.05","0.38%"
"2017-Aug-14","47.52","48.80","49.17","47.45","-2.62%"
"2017-Aug-11","48.80","48.57","49.02","48.02","0.58%"
"2017-Aug-10","48.52","49.70","50.24","48.38","-2.35%"
"2017-Aug-09","49.69","49.03","49.75","48.93","1.47%"
"2017-Aug-08","48.97","49.33","49.81","48.88","-0.73%"
"2017-Aug-07","49.33","49.62","49.77","48.58","-0.38%"
"2017-Aug-04","49.52","48.98","49.66","48.52","1.21%"
"2017-Aug-03","48.93","49.62","49.99","48.81","-1.31%"
"2017-Aug-02","49.58","48.85","49.70","48.60","1.64%"
"2017-Aug-01","48.78","50.22","50.44","48.38","-2.81%"
"2017-Jul-31","50.19","49.88","50.44","49.21","0.84%"
"2017-Jul-28","49.77","49.22","49.86","48.91","1.28%"
"2017-Jul-27","49.14","48.73","49.28","48.28","0.86%"
"2017-Jul-26","48.72","48.55","48.91","47.90","0.29%"
"2017-Jul-25","48.58","46.52","48.71","46.44","4.59%"
"2017-Jul-24","46.45","45.65","46.56","45.43","1.89%"
"2017-Jul-21","45.59","46.92","47.23","45.55","-2.56%"
"2017-Jul-20","46.79","47.09","47.55","46.66","-0.78%"
"2017-Jul-19","47.16","46.38","47.39","46.27","1.97%"
"2017-Jul-18","46.25","46.07","47.00","45.89","0.59%"
"2017-Jul-17","45.98","46.72","46.92","45.92","-1.42%"
"2017-Jul-14","46.64","46.14","46.81","45.86","1.22%"
"2017-Jul-13","46.08","45.47","46.31","45.02","1.45%"
"2017-Jul-12","45.42","45.80","46.54","45.17","-0.74%"
"2017-Jul-11","45.76","44.62","45.85","43.87","2.72%"
"2017-Jul-10","44.55","44.37","44.86","43.66","0.50%"
"2017-Jul-07","44.33","45.39","45.45","43.81","-2.21%"
"2017-Jul-06","45.33","45.67","46.56","45.20","-0.64%"
"2017-Jul-05","45.62","47.07","47.35","44.54","-3.04%"
"2017-Jul-03","47.05","46.30","47.12","45.94","1.53%"
"2017-Jun-30","46.34","44.91","46.38","44.91","3.30%"
"2017-Jun-29","44.86","44.92","45.48","44.68","-0.02%"
"2017-Jun-28","44.87","43.73","44.93","43.70","2.61%"
"2017-Jun-27","43.73","43.50","44.45","43.33","0.57%"
"2017-Jun-26","43.48","43.19","43.69","42.67","0.83%"
"2017-Jun-23","43.12","42.86","43.26","42.59","0.82%"
"2017-Jun-22","42.77","42.61","43.38","42.32","0.64%"
"2017-Jun-21","42.50","43.41","44.23","42.08","-1.69%"
"2017-Jun-20","43.23","44.11","44.40","42.75","-1.97%"
"2017-Jun-19","44.10","44.78","45.16","44.15","-1.34%"
"2017-Jun-16","44.70","44.31","45.00","44.30","1.02%"
"2017-Jun-15","44.25","44.72","44.84","44.25","-0.92%"
"2017-Jun-14","44.66","45.96","46.51","44.56","-2.81%"
"2017-Jun-13","45.95","46.05","46.61","45.59","-0.11%"
"2017-Jun-12","46.00","45.83","46.73","45.69","0.13%"
"2017-Jun-09","45.94","45.77","46.24","45.33","0.55%"
"2017-Jun-08","45.69","45.89","46.22","45.23","-0.17%"
"2017-Jun-07","45.77","48.00","48.25","45.67","-4.61%"
"2017-Jun-06","47.98","47.43","48.43","46.97","1.22%"
"2017-Jun-05","47.40","47.72","48.43","46.87","-0.77%"
"2017-Jun-02","47.77","48.14","48.29","46.84","-0.50%"
"2017-Jun-01","48.01","48.69","49.23","47.96","-1.27%"
"2017-May-31","48.63","49.67","49.73","47.75","-1.98%"
"2017-May-30","49.61","49.97","50.33","49.08","-0.46%"
"2017-May-26","49.84","48.80","49.98","48.23","2.40%"
"2017-May-25","48.67","51.30","52.05","48.50","-5.13%"
"2017-May-24","51.30","51.47","51.92","51.06","-0.41%"
"2017-May-23","51.51","51.07","51.82","50.60","1.54%"
"2017-May-22","50.73","50.60","51.06","50.44","0.48%"
"2017-May-19","50.49","49.41","50.66","49.41","2.29%"
"2017-May-18","49.36","49.02","49.69","48.13","0.86%"
"2017-May-17","48.94","48.25","49.53","48.06","1.43%"
"2017-May-16","48.25","48.86","49.42","48.20","-1.17%"
"2017-May-15","48.82","47.89","49.70","47.79","2.01%"
"2017-May-12","47.86","47.86","48.11","47.39","0.10%"
"2017-May-11","47.81","47.43","48.26","47.38","0.99%"
"2017-May-10","47.34","46.23","47.84","46.06","2.51%"
"2017-May-09","46.18","46.55","46.84","45.59","-0.69%"
"2017-May-08","46.50","46.36","46.98","45.73","0.06%"
"2017-May-05","46.47","45.55","46.72","43.80","2.18%"
"2017-May-04","45.48","47.63","47.78","45.32","-4.37%"
"2017-May-03","47.56","48.16","48.27","47.33","-1.04%"
"2017-May-02","48.06","48.82","49.32","47.39","-1.37%"
"2017-May-01","48.73","49.19","49.34","48.61","-0.96%"
"2017-Apr-28","49.20","49.33","49.81","48.85","-0.06%"
"2017-Apr-27","49.23","49.26","49.47","48.24","0.10%"
"2017-Apr-26","49.18","49.39","50.23","48.97","-0.41%"
"2017-Apr-25","49.38","49.24","49.85","48.89","0.37%"
"2017-Apr-24","49.20","49.70","50.24","49.05","-0.87%"
"2017-Apr-21","49.63","50.73","50.95","49.22","-1.27%"
"2017-Apr-20","50.27","50.63","50.97","50.18","-0.69%"
"2017-Apr-19","50.62","52.92","53.21","50.65","-3.27%"
"2017-Apr-18","52.33","52.82","52.92","52.17","-0.76%"
"2017-Apr-17","52.73","52.99","53.23","52.57","-0.38%"
"2017-Apr-13","52.93","52.87","53.41","52.84","0.17%"
"2017-Apr-12","52.84","53.48","53.84","52.79","-1.07%"
"2017-Apr-11","53.41","53.16","53.48","52.73","0.49%"
"2017-Apr-10","53.15","52.34","53.21","52.32","1.57%"
"2017-Apr-07","52.33","51.76","53.00","51.55","1.14%"
"2017-Apr-06","51.74","50.83","51.85","50.80","1.77%"
"2017-Apr-05","50.84","51.21","51.91","50.77","-0.51%"
"2017-Apr-04","51.10","50.29","51.35","49.93","1.71%"
"2017-Apr-03","50.24","50.72","50.86","50.15","-1.08%"
"2017-Mar-31","50.79","50.38","50.91","49.96","0.85%"
"2017-Mar-30","50.36","49.64","50.51","49.31","1.53%"
"2017-Mar-29","49.60","48.51","49.67","48.42","2.37%"
"2017-Mar-28","48.45","47.91","48.76","47.82","1.28%"
"2017-Mar-27","47.84","48.14","48.30","47.10","-0.60%"
"2017-Mar-24","48.13","47.70","48.23","47.57","0.96%"
"2017-Mar-23","47.67","48.17","48.50","47.60","-0.94%"
"2017-Mar-22","48.12","48.19","48.35","47.04","1.65%"
"2017-Mar-21","47.34","47.93","48.73","47.23","-1.78%"
"2017-Mar-20","48.20","48.80","48.84","47.94","-0.99%"
"2017-Mar-17","48.68","48.87","49.28","48.68","-0.25%"
"2017-Mar-16","48.80","49.06","49.67","48.51","-0.37%"
"2017-Mar-15","48.98","48.80","49.08","48.19","1.03%"
"2017-Mar-14","48.48","48.51","48.84","47.15","0.08%"
"2017-Mar-13","48.44","48.49","48.72","47.94","0.12%"
"2017-Mar-10","48.38","49.64","50.14","48.34","-2.50%"
"2017-Mar-09","49.62","50.30","50.92","48.67","-1.14%"
"2017-Mar-08","50.19","52.81","52.94","50.07","-4.89%"
"2017-Mar-07","52.77","53.20","53.83","52.75","-0.77%"
"2017-Mar-06","53.18","53.21","53.58","52.78","-0.04%"
"2017-Mar-03","53.20","52.60","53.41","52.57","1.16%"
"2017-Mar-02","52.59","53.75","53.86","52.60","-2.01%"
"2017-Mar-01","53.67","53.98","54.47","53.66","-0.59%"
"2017-Feb-28","53.99","54.07","54.26","53.21","-0.07%"
"2017-Feb-27","54.03","54.03","54.61","53.94","0.06%"
"2017-Feb-24","54.00","54.36","54.55","53.80","-0.72%"
"2017-Feb-23","54.39","53.94","54.97","53.91","0.95%"
"2017-Feb-22","53.88","54.27","54.61","53.36","-0.33%"
"2017-Feb-21","54.06","53.48","54.68","53.35","1.27%"
"2017-Feb-17","53.38","53.57","53.62","52.98","-0.09%"
"2017-Feb-16","53.43","53.06","53.64","52.73","0.79%"
"2017-Feb-15","53.01","53.03","53.54","52.76","-0.04%"
"2017-Feb-14","53.03","52.94","53.75","52.89","0.28%"
"2017-Feb-13","52.88","53.85","54.00","52.82","-1.78%"
"2017-Feb-10","53.84","53.19","54.17","52.94","1.28%"
"2017-Feb-09","53.16","52.39","53.23","52.39","1.47%"
"2017-Feb-08","52.39","51.68","52.71","51.26","1.35%"
"2017-Feb-07","51.69","53.19","53.28","51.67","-2.69%"
"2017-Feb-06","53.12","53.84","54.16","52.93","-1.34%"
"2017-Feb-03","53.84","53.73","54.27","53.45","0.26%"
"2017-Feb-02","53.70","53.63","54.40","53.41","0.28%"
"2017-Feb-01","53.55","52.77","53.92","52.66","1.42%"
"2017-Jan-31","52.80","52.65","53.61","52.29","0.38%"
"2017-Jan-30","52.60","53.19","53.50","52.45","-1.07%"
"2017-Jan-27","53.17","53.81","54.16","52.66","-1.04%"
"2017-Jan-26","53.73","52.98","54.09","52.81","1.49%"
"2017-Jan-25","52.94","52.97","53.48","52.58","0.04%"
"2017-Jan-24","52.92","52.88","53.58","52.69","0.15%"
"2017-Jan-23","52.84","53.34","53.48","52.23","0.69%"
"2017-Jan-20","52.48","52.98","54.42","52.91","1.96%"
"2017-Jan-19","51.47","51.58","52.05","51.20","0.06%"
"2017-Jan-18","51.44","52.66","52.93","51.05","-2.08%"
"2017-Jan-17","52.53","52.59","53.56","52.16","0.00%"
"2017-Jan-13","52.53","53.17","53.29","52.39","-0.98%"
"2017-Jan-12","53.05","52.41","53.55","52.16","1.26%"
"2017-Jan-11","52.39","50.87","52.84","50.81","3.19%"
"2017-Jan-10","50.77","51.85","52.39","50.73","-1.93%"
"2017-Jan-09","51.77","53.77","53.85","51.78","-3.58%"
"2017-Jan-06","53.69","53.77","54.36","53.36","-0.13%"
"2017-Jan-05","53.76","53.45","54.18","52.85","0.77%"
"2017-Jan-04","53.35","52.53","53.47","52.19","1.66%"
"2017-Jan-03","52.48","54.24","55.28","52.15","-2.62%"